FECHA;AGUASCALIENTES;BAJA CALIFORNIA;BAJA CALIFORNIA SUR;CAMPECHE;COAHUILA;COLIMA;CHIAPAS;CHIHUAHUA;CDMX;DURANGO;GUANAJUATO;GUERRERO;HIDALGO;JALISCO;ESTADO DE MÉXICO;MICHOACÁN;MORELOS;NAYARIT;NUEVO LEÓN;OAXACA;PUEBLA;QUERÉTARO;QUINTANA ROO;SAN LUIS POTOSÍ;SINALOA;SONORA;TABASCO;TAMAULIPAS;TLAXCALA;VERACRUZ;YUCATÁN;ZACATECAS
31/01/1985;4.90;12.20;30.30;20.90;40.70;8.10;107.30;54.60;1.10;61.30;1.40;15.80;22.50;7.10;3.50;1.40;2.80;60.80;36.60;10.90;12.10;2.80;64.70;12.40;115.60;44.80;189.30;25.20;2.90;22.80;56.20;20.50
28/02/1985;1.60;23.60;0.10;26.70;6.20;1.80;59.20;9.40;1.50;4.70;2.80;1.20;14.70;1.60;2.50;1.40;1.10;3.20;18.90;18.70;27.10;3.00;56.80;22.60;2.40;14.90;98.70;12.40;6.10;39.80;31.60;1.20
31/03/1985;1.90;10.00;0.30;16.50;4.90;0.20;60.50;5.10;4.70;0.50;3.00;6.20;17.70;2.30;10.70;5.90;3.30;5.20;22.20;31.80;25.30;1.20;25.60;7.70;8.40;6.20;94.70;18.30;23.40;31.10;31.60;1.20
30/04/1985;17.60;3.70;0.30;4.20;43.60;0.10;100.10;21.10;52.00;11.40;26.10;5.50;74.30;1.80;31.60;10.40;7.70;0.00;80.60;33.60;62.20;59.60;1.60;137.40;2.40;19.60;148.80;102.50;59.90;79.30;22.10;12.80
31/05/1985;21.50;0.00;0.10;233.40;46.90;1.20;111.90;8.10;67.20;6.60;55.70;37.70;77.90;10.70;54.30;23.70;49.20;1.70;63.10;80.10;72.30;58.30;371.00;72.80;0.10;0.30;97.40;81.40;101.40;55.40;142.20;21.40
30/06/1985;137.10;0.30;0.30;124.70;46.30;95.80;258.10;47.40;229.60;51.40;161.80;206.40;161.80;242.80;200.40;200.40;235.50;166.20;87.80;260.90;205.40;174.60;140.10;169.10;89.60;13.10;312.20;192.70;147.50;214.20;131.40;107.60
31/07/1985;85.40;0.80;19.60;142.70;20.20;102.60;256.00;74.50;130.60;96.90;104.20;240.60;156.80;174.20;140.40;165.00;184.00;282.40;14.70;291.70;191.40;133.70;165.50;263.70;167.00;106.00;268.40;132.90;94.20;263.30;175.70;81.10
31/08/1985;68.30;0.00;22.90;194.10;30.00;122.50;249.00;61.20;109.20;99.10;90.50;244.50;59.80;130.30;153.20;184.70;107.60;257.50;47.10;236.90;144.00;58.10;143.30;79.90;140.20;70.10;302.90;53.50;105.90;169.30;156.90;65.30
30/09/1985;47.60;13.50;18.50;154.60;44.30;103.00;259.00;66.20;68.70;76.40;46.50;176.50;66.50;121.80;121.50;100.80;142.20;165.80;51.00;195.50;155.60;57.10;154.00;99.10;158.20;58.00;260.80;62.60;94.30;184.60;179.20;47.10
31/10/1985;50.70;17.30;15.60;32.80;41.60;52.40;192.00;14.20;49.10;49.40;30.80;81.80;19.70;61.10;35.20;49.00;32.60;46.10;73.80;124.80;105.00;21.30;67.20;39.20;73.80;31.60;277.80;91.30;38.30;113.00;69.00;29.00
30/11/1985;4.30;64.50;6.60;60.20;8.80;8.10;106.40;9.20;0.20;2.50;8.40;25.50;21.90;10.10;17.40;17.70;6.20;11.50;11.50;69.50;42.30;7.10;100.80;33.00;10.30;21.10;220.00;15.70;6.60;54.70;58.10;3.80
31/12/1985;23.40;28.60;1.10;4.00;6.70;2.80;90.50;6.80;0.30;24.30;2.70;4.80;17.80;5.10;6.30;5.00;3.00;10.90;12.50;32.10;38.20;1.70;53.60;29.00;24.50;5.60;222.00;33.70;6.50;59.40;45.70;26.50
31/01/1986;0.10;12.60;2.30;17.40;6.10;4.60;92.60;7.40;0.00;2.00;0.00;0.40;4.90;0.60;0.10;0.90;2.60;0.00;2.40;9.60;15.00;0.60;32.40;5.00;7.90;9.30;204.10;3.30;0.90;16.90;25.80;3.90
28/02/1986;3.70;43.00;3.70;16.70;5.10;5.60;33.20;9.90;0.00;7.60;3.00;0.60;5.40;7.90;1.50;2.90;2.90;18.70;9.70;33.40;17.10;0.30;18.60;4.10;21.80;16.70;76.50;9.00;3.70;30.80;26.10;6.10
31/03/1986;0.00;44.30;0.00;4.90;2.80;0.00;50.30;5.00;0.20;0.10;0.00;0.40;16.80;0.00;1.90;0.00;1.20;0.00;4.10;5.90;12.70;18.00;23.80;8.50;3.00;5.40;88.10;3.80;1.10;19.60;15.60;1.20
30/04/1986;10.20;1.70;11.10;31.70;41.30;0.50;36.90;5.90;21.70;17.20;19.80;14.80;50.90;4.30;37.70;3.00;29.40;0.30;69.60;51.50;43.90;125.60;50.30;100.80;1.50;7.50;18.00;37.60;49.30;26.80;60.80;8.90
31/05/1986;17.00;0.20;0.20;47.70;43.00;6.90;239.20;17.00;70.30;15.20;26.80;63.20;83.00;45.70;95.10;23.90;60.20;4.00;91.60;139.20;88.30;51.70;96.60;51.10;2.00;15.20;249.30;71.20;84.00;77.60;78.10;20.00
30/06/1986;123.90;0.70;0.00;188.60;83.40;119.60;155.50;50.60;236.30;113.30;197.60;184.70;155.90;167.50;176.70;133.10;156.30;86.50;137.80;179.70;250.70;136.70;248.20;188.90;35.70;13.50;122.60;163.90;184.30;236.40;136.20;115.80
31/07/1986;51.80;1.50;14.20;161.80;14.30;150.00;171.60;134.70;105.20;146.60;83.20;140.70;104.30;190.10;117.10;125.70;75.30;144.50;21.70;181.60;133.80;58.80;89.40;121.60;124.80;118.50;96.30;58.30;66.40;185.90;116.90;135.30
31/08/1986;32.70;2.20;49.60;179.70;20.50;138.50;196.50;93.20;119.30;73.00;64.80;163.50;50.90;149.90;111.30;105.50;50.60;224.30;30.10;185.30;112.60;43.40;72.50;29.00;161.80;100.40;154.00;52.30;72.10;155.90;136.10;54.10
30/09/1986;98.10;11.60;18.40;119.80;91.30;193.10;189.90;62.30;80.10;152.40;77.70;131.90;76.90;112.30;90.10;121.90;60.00;116.50;145.40;238.40;135.10;37.80;134.80;93.70;117.30;81.60;165.10;126.00;59.90;186.60;154.90;75.90
31/10/1986;80.80;21.50;21.00;121.50;58.90;142.90;120.40;17.80;51.20;77.60;44.00;55.70;71.80;75.90;47.30;47.30;30.00;62.50;62.10;119.50;116.30;32.50;121.40;105.90;135.60;19.40;180.10;83.00;46.40;130.60;118.30;30.50
30/11/1986;15.20;10.30;0.90;42.80;11.20;19.00;100.80;9.40;4.00;9.90;12.30;19.10;47.50;12.80;12.70;21.70;11.60;9.60;34.90;71.10;81.60;19.80;61.90;60.60;6.30;14.70;236.60;44.20;17.70;117.90;53.20;7.70
31/12/1986;1.60;25.00;19.40;37.30;34.40;5.70;48.20;34.30;0.00;38.60;9.40;11.30;19.60;9.20;7.80;10.50;2.30;13.40;60.20;46.90;48.40;6.30;140.00;31.30;28.60;46.80;142.60;38.50;10.50;82.80;105.50;20.90
31/01/1987;23.90;28.90;0.80;60.10;16.20;7.30;36.40;8.20;0.00;19.20;11.90;1.90;13.80;15.10;1.50;4.60;1.10;56.80;39.60;1.00;21.30;4.20;86.30;16.00;13.80;4.70;70.50;29.60;0.60;10.90;35.20;51.30
28/02/1987;38.70;48.60;2.70;0.30;34.10;23.90;44.50;6.10;5.80;14.70;31.60;0.50;6.10;46.90;4.70;4.50;0.70;54.20;32.10;6.00;19.40;6.30;55.60;19.60;22.10;23.30;78.50;21.50;3.80;10.60;12.90;44.80
31/03/1987;0.00;27.60;0.00;1.80;8.70;0.70;61.80;3.70;4.40;0.00;76.70;3.50;18.80;61.40;10.40;4.90;3.00;13.40;17.10;21.30;27.60;21.50;61.20;15.90;9.10;2.00;83.50;22.10;5.30;35.60;20.70;3.20
30/04/1987;8.60;10.60;0.90;10.00;22.80;5.00;29.90;52.00;19.50;6.60;17.70;7.80;34.10;9.30;25.60;46.10;6.40;0.40;37.90;28.40;27.20;20.70;16.70;38.70;9.30;4.30;28.30;24.70;30.80;27.70;9.20;6.50
31/05/1987;45.40;1.20;0.40;101.90;75.00;3.20;67.10;30.10;48.70;24.50;40.10;28.90;68.10;32.20;41.10;33.80;22.00;9.00;75.10;55.30;68.50;44.50;327.30;136.00;8.50;15.90;55.40;114.90;63.30;61.70;137.80;25.90
30/06/1987;42.50;0.10;0.10;183.90;50.10;88.90;375.40;31.20;108.10;42.60;56.20;179.60;111.40;137.70;149.10;92.60;145.50;92.50;147.70;232.40;167.80;113.10;168.20;142.80;23.20;10.50;341.90;142.80;139.50;215.70;132.20;55.90
31/07/1987;112.20;0.80;28.90;189.80;47.70;287.00;377.70;106.70;215.10;90.00;142.40;292.60;128.30;234.60;220.90;259.00;256.00;304.20;82.30;308.90;215.60;129.50;88.80;276.50;133.80;83.80;289.40;134.50;141.60;280.50;132.50;116.20
31/08/1987;36.40;1.60;25.30;190.70;56.30;162.40;272.40;128.00;172.20;161.40;104.60;194.10;54.40;179.40;158.70;117.30;103.70;293.40;90.30;76.90;135.50;56.10;107.30;56.60;133.10;98.10;275.20;70.00;117.80;111.90;114.10;70.60
30/09/1987;44.20;11.10;36.70;126.70;49.00;104.60;257.90;73.40;116.30;87.80;76.10;196.70;84.70;111.90;107.10;82.70;136.00;194.30;127.90;170.30;179.10;56.00;107.30;149.00;99.60;33.10;281.20;84.90;64.80;230.40;189.40;105.10
31/10/1987;0.00;81.30;14.20;71.80;25.40;21.20;94.40;10.10;0.00;11.10;0.80;26.40;32.40;33.20;7.90;17.40;6.90;12.30;29.90;22.50;97.50;19.00;71.80;21.50;21.90;7.70;241.90;38.80;0.30;67.70;71.50;2.60
30/11/1987;15.90;41.50;4.70;105.50;6.40;18.20;90.80;3.80;3.10;6.00;11.30;19.10;47.50;15.40;12.80;9.70;5.60;6.10;9.40;53.80;110.40;13.50;134.70;24.60;9.80;4.10;214.50;12.70;9.60;78.80;72.80;4.80
31/12/1987;4.00;63.90;6.10;21.60;4.40;9.30;95.50;13.70;0.00;15.30;10.00;0.90;8.30;12.60;1.40;3.80;1.70;14.80;12.70;15.30;23.20;4.40;71.20;7.40;35.60;34.20;166.30;3.80;4.70;25.20;57.00;28.70
31/01/1988;0.00;41.60;0.60;0.50;4.00;1.60;105.40;8.40;0.00;5.20;0.10;0.40;7.50;0.80;2.20;1.60;0.80;2.30;29.30;53.60;35.20;3.60;41.70;14.80;6.30;12.60;201.20;34.00;4.00;47.50;41.50;2.10
29/02/1988;0.00;20.20;0.00;19.40;8.20;0.00;115.70;4.20;10.90;3.30;0.00;0.80;13.50;0.00;4.60;0.90;0.60;0.50;13.60;0.60;26.70;2.10;14.00;14.70;2.70;1.20;161.60;15.70;6.20;29.50;34.20;1.80
31/03/1988;2.00;15.30;0.20;107.70;1.20;3.90;44.50;4.20;36.30;1.60;7.40;3.30;60.60;6.60;31.70;16.40;13.60;1.30;17.50;9.30;28.80;41.90;90.90;43.60;4.20;8.90;64.60;18.80;16.90;30.70;40.20;3.50
30/04/1988;17.90;47.30;13.10;3.90;13.50;3.50;36.00;22.10;12.60;2.20;35.70;0.50;40.10;12.30;8.50;1.70;5.60;2.60;51.40;19.60;56.50;24.70;19.00;62.10;10.80;11.20;47.40;41.40;17.50;44.40;15.00;19.30
31/05/1988;0.00;3.00;0.10;13.80;32.30;0.30;45.10;4.20;72.00;4.10;1.30;8.90;46.30;0.60;25.30;2.80;14.60;0.70;50.60;130.50;68.40;31.40;11.60;65.60;2.20;0.80;31.70;55.70;43.00;70.10;50.40;5.50
30/06/1988;38.30;0.00;1.50;329.90;24.00;89.40;332.40;43.80;174.90;75.60;59.20;334.50;124.00;106.20;159.80;152.30;184.50;181.50;80.20;321.30;219.60;96.90;268.10;171.40;29.60;0.60;305.30;163.50;149.50;229.80;201.80;95.10
31/07/1988;119.90;0.10;14.30;281.20;87.40;181.00;231.70;101.70;193.80;149.10;148.30;247.90;138.50;244.40;207.00;173.60;169.90;271.80;84.40;414.40;190.20;151.90;128.50;187.30;147.60;185.10;185.50;104.10;123.70;245.10;232.40;131.60
31/08/1988;102.20;6.50;18.90;221.90;70.30;235.40;412.10;118.80;142.50;119.80;129.20;374.80;125.90;204.60;214.00;279.20;133.40;349.90;156.70;348.60;225.00;141.00;110.50;269.10;251.20;105.70;411.80;205.40;142.30;218.40;170.10;114.50
30/09/1988;73.60;2.50;43.30;138.20;112.80;183.40;347.30;53.90;92.30;56.40;90.40;214.80;128.00;122.30;161.20;142.30;111.90;140.90;258.70;249.70;195.00;77.00;102.50;158.90;95.00;90.50;245.80;163.60;92.10;199.30;141.90;50.40
31/10/1988;29.50;1.20;5.70;85.10;17.60;67.50;216.90;35.70;15.00;8.90;38.10;67.00;29.30;47.20;30.10;21.40;14.50;40.10;32.20;74.90;98.00;35.00;41.50;40.70;31.70;41.90;434.30;49.40;18.20;95.30;67.50;8.60
30/11/1988;12.80;19.30;0.90;34.50;7.90;14.80;117.40;2.70;17.90;4.90;11.00;5.30;15.50;12.30;10.50;3.10;1.10;1.90;1.20;14.30;44.00;7.00;78.40;6.30;7.10;0.70;243.50;12.10;8.70;35.50;42.20;7.40
31/12/1988;10.60;35.50;10.40;38.60;4.80;8.00;61.00;11.30;2.90;20.50;9.30;0.10;7.60;9.10;1.70;0.30;1.50;7.00;1.90;5.30;32.10;3.00;37.10;7.00;25.60;36.10;135.60;7.80;2.00;33.40;28.20;1.30
31/01/1989;0.00;17.20;27.70;60.00;6.80;0.00;86.70;9.90;0.40;7.60;0.00;1.40;13.60;0.00;0.90;0.00;2.40;1.10;17.20;9.60;25.30;2.80;148.90;11.30;20.50;29.00;176.10;22.20;1.50;25.10;59.20;5.90
28/02/1989;0.00;12.00;11.90;3.60;4.80;0.00;43.70;13.10;0.00;4.00;0.30;0.20;30.70;0.00;1.60;0.40;0.80;1.30;11.10;11.90;29.20;10.60;7.10;29.40;15.40;20.70;59.50;11.40;2.90;25.30;7.50;2.20
31/03/1989;0.00;22.90;0.50;17.30;2.60;0.00;43.50;11.90;1.90;1.80;0.20;1.50;22.00;0.00;1.70;0.00;1.00;0.30;2.30;11.60;27.20;1.20;21.20;2.30;2.70;6.90;60.00;0.80;5.00;26.10;23.10;0.60
30/04/1989;2.60;2.70;0.00;1.30;10.70;0.80;41.90;5.90;17.20;1.60;6.10;4.10;42.00;2.70;10.00;3.20;12.20;1.00;25.70;25.40;36.50;12.90;24.40;43.10;1.00;1.90;45.40;37.50;19.30;39.80;41.20;4.50
31/05/1989;24.70;1.10;0.10;10.20;29.80;7.50;120.20;8.10;80.10;9.70;48.80;19.50;46.50;26.90;56.10;9.90;23.20;2.70;12.40;109.20;35.70;31.50;56.80;21.90;7.70;2.60;109.20;3.10;53.80;47.00;46.20;18.60
30/06/1989;10.60;0.00;0.00;177.80;57.30;34.30;242.40;17.40;84.90;4.10;19.40;238.80;125.00;28.80;111.40;106.30;148.50;42.10;36.80;305.70;200.70;77.60;204.50;112.90;40.70;4.70;199.90;88.10;136.10;195.40;215.60;40.00
31/07/1989;44.60;0.70;23.20;188.60;15.30;85.40;161.20;77.30;97.90;76.30;51.40;198.40;107.50;103.20;124.90;133.50;111.80;183.80;60.80;243.80;141.10;74.60;133.00;91.10;153.20;102.80;97.40;176.00;86.60;244.50;182.40;101.50
31/08/1989;232.70;0.80;79.10;230.50;49.00;363.20;261.40;117.10;174.00;123.80;263.00;269.00;141.50;392.20;213.10;180.10;176.30;311.60;90.60;263.80;195.20;156.90;159.20;270.10;188.70;129.50;225.50;67.20;183.70;202.30;172.30;114.60
30/09/1989;39.60;8.60;32.50;331.00;43.70;137.50;382.00;54.60;87.80;57.60;48.50;361.30;160.60;79.10;136.60;166.10;123.60;134.90;106.90;234.10;144.30;66.10;320.90;140.10;99.20;54.80;432.60;33.30;78.20;218.50;348.20;45.40
31/10/1989;9.10;12.10;11.30;113.00;26.40;33.30;219.40;26.00;29.00;29.10;11.20;126.40;52.70;20.00;58.30;33.90;47.40;58.70;29.20;59.00;76.20;19.40;115.40;36.30;43.50;34.00;343.10;29.90;42.70;76.10;126.20;22.60
30/11/1989;27.50;1.60;7.90;26.30;53.40;42.50;123.60;9.20;3.50;46.00;23.10;19.20;41.20;32.90;23.60;10.20;6.60;35.60;17.30;50.30;70.70;10.20;61.20;32.90;27.00;11.70;193.50;22.60;15.40;74.70;55.60;35.20
31/12/1989;12.70;9.90;20.70;40.40;22.30;19.50;120.50;22.60;15.30;24.20;11.90;4.70;20.30;18.90;12.60;18.00;3.80;15.90;54.30;67.80;41.60;12.50;113.90;45.00;29.20;32.10;247.90;70.70;14.70;98.90;91.70;23.40
31/01/1990;15.50;36.40;16.00;20.00;8.70;20.20;84.80;12.80;0.70;25.60;14.40;6.10;21.80;14.70;6.50;4.60;5.70;24.40;12.70;14.50;23.70;8.30;72.90;18.20;41.20;22.70;174.60;12.60;2.20;27.60;46.80;19.40
28/02/1990;13.00;22.90;3.80;2.90;23.40;12.40;80.40;8.30;5.90;23.60;14.20;2.80;37.70;17.70;9.80;5.00;2.50;28.90;48.20;47.60;41.60;10.60;15.90;31.20;32.10;15.20;166.50;39.50;9.80;62.30;31.50;17.70
31/03/1990;8.00;17.60;1.10;27.50;4.20;9.10;88.60;4.10;9.10;2.90;22.00;3.50;35.00;17.60;12.90;5.20;4.70;9.00;13.30;38.10;40.00;25.80;48.00;24.90;6.70;6.80;118.00;12.30;11.20;54.80;44.40;9.70
30/04/1990;3.10;6.20;0.00;29.90;2.20;2.70;18.20;0.90;24.90;1.20;6.50;9.20;48.90;4.60;27.30;20.70;20.80;1.50;5.80;36.40;73.60;16.50;66.80;38.20;4.30;0.40;20.80;4.80;46.30;66.30;63.20;1.90
31/05/1990;21.40;0.00;0.20;50.10;37.10;11.00;157.20;10.40;63.20;12.00;45.20;67.90;71.30;31.80;88.50;44.10;81.30;8.90;76.20;106.40;101.20;46.40;92.30;71.80;11.20;2.00;156.20;88.00;78.50;85.80;69.30;23.60
30/06/1990;53.10;1.50;3.30;149.60;22.10;88.60;205.30;32.70;140.30;34.00;71.90;182.60;94.80;111.50;154.40;153.90;148.80;84.80;42.60;183.20;146.90;64.80;115.10;94.10;35.10;57.80;207.40;75.50;96.20;142.70;90.20;50.00
31/07/1990;190.40;3.10;38.90;253.90;68.00;266.10;175.30;232.00;218.50;232.90;220.70;210.90;170.90;378.90;273.60;188.40;193.80;505.70;121.90;196.90;188.30;144.60;151.90;178.50;350.00;249.10;134.30;250.20;151.00;211.00;194.10;236.70
31/08/1990;185.10;6.40;96.90;215.70;39.90;311.50;237.80;104.00;161.40;144.30;210.40;225.10;142.10;319.00;216.60;198.20;138.00;440.70;81.40;211.00;138.10;126.30;101.90;230.50;251.40;189.20;234.30;109.00;101.00;172.60;168.20;169.30
30/09/1990;111.00;7.00;51.70;237.60;94.60;258.30;328.50;74.40;149.00;146.00;133.60;246.50;144.60;194.50;187.50;126.00;184.00;294.70;236.80;211.10;171.60;96.80;298.00;188.20;250.10;58.30;360.10;271.90;77.10;201.20;218.80;126.10
31/10/1990;49.50;5.10;14.70;114.10;67.40;139.90;227.60;21.70;57.20;77.40;65.30;129.40;84.20;99.20;114.80;53.30;101.20;125.90;124.90;211.80;161.50;45.70;124.70;114.50;120.80;25.40;341.40;143.70;76.70;214.50;153.30;58.90
30/11/1990;10.70;21.80;9.60;48.30;15.40;20.80;113.50;4.40;0.30;14.10;9.60;23.40;36.30;14.40;13.00;13.50;11.30;14.20;19.50;64.00;65.20;11.50;85.70;38.30;21.30;18.10;213.10;28.20;11.60;87.50;68.70;13.50
31/12/1990;11.00;37.00;26.50;23.80;13.10;21.10;116.00;20.30;4.80;34.40;10.10;7.60;23.50;14.90;10.40;20.90;3.90;17.70;16.60;43.30;38.30;6.90;62.10;29.60;43.00;37.70;197.80;16.50;6.60;58.40;54.20;19.30
31/01/1991;0.00;7.30;9.30;50.50;14.10;1.00;31.00;21.60;13.50;1.60;3.00;1.20;17.60;1.40;11.20;2.90;1.10;0.70;13.70;6.50;15.30;8.50;31.50;9.60;10.20;21.80;176.70;10.80;1.10;53.90;58.60;3.40
28/02/1991;19.60;23.70;14.70;71.90;23.20;2.50;11.00;25.30;2.60;3.90;8.90;0.30;18.10;5.10;2.90;6.10;0.80;1.50;16.60;3.70;16.20;8.80;31.80;19.40;6.30;49.20;97.80;17.80;1.90;31.20;38.80;11.80
31/03/1991;0.00;40.90;2.80;5.20;8.20;0.00;6.50;4.30;0.00;0.00;0.00;0.00;2.80;0.00;0.00;0.00;0.00;0.00;11.30;10.80;6.80;0.00;19.20;3.40;1.50;37.20;28.20;19.00;2.10;19.80;12.20;0.00
30/04/1991;0.00;0.00;0.00;5.70;18.20;0.00;42.80;0.90;40.60;0.30;2.50;0.90;22.80;0.00;11.50;0.90;14.90;0.00;48.30;12.60;34.00;6.90;15.30;8.50;0.00;0.00;3.20;47.70;25.90;18.30;3.20;2.00
31/05/1991;3.70;0.00;0.00;84.10;12.70;0.00;125.60;0.00;72.20;0.10;11.80;62.40;23.40;2.30;42.80;2.50;65.60;0.00;64.00;100.30;123.90;9.60;25.10;34.50;0.00;0.00;76.00;66.10;72.10;106.90;31.90;5.00
30/06/1991;72.00;0.00;0.00;115.10;90.80;83.60;250.70;30.60;281.90;23.60;151.40;203.00;144.30;117.80;183.50;141.00;248.10;84.50;108.40;333.50;232.70;141.30;49.40;92.30;14.50;5.20;231.70;157.00;144.40;247.60;77.50;58.60
31/07/1991;348.90;0.00;0.00;184.90;49.70;90.30;148.70;219.70;357.50;248.30;547.00;122.20;169.30;295.40;258.70;188.10;356.90;300.70;76.80;122.00;224.80;334.70;158.00;369.20;113.60;44.70;185.30;192.10;59.60;250.70;182.00;320.10
31/08/1991;90.70;0.00;1.40;210.70;29.50;174.30;186.70;82.60;88.20;128.40;77.50;134.90;41.50;161.60;147.60;162.20;173.50;177.80;21.50;80.30;98.00;34.50;148.30;39.30;294.60;76.40;290.50;31.80;73.70;198.00;233.60;115.40
30/09/1991;51.90;2.70;10.70;211.00;151.40;162.20;167.30;89.50;159.90;158.70;169.30;229.20;301.10;177.00;161.40;181.50;288.80;272.70;168.30;161.90;310.10;167.70;209.30;156.20;205.70;67.00;226.00;289.00;156.90;418.90;159.70;123.90
31/10/1991;39.30;1.10;2.60;124.20;6.50;104.90;155.40;6.10;162.60;16.60;49.80;181.80;91.60;71.50;106.10;92.50;277.50;71.50;51.40;165.50;183.10;23.50;212.00;39.10;6.70;5.50;335.50;71.40;84.10;311.50;200.30;30.70
30/11/1991;0.00;3.60;3.40;77.80;16.10;53.50;43.70;37.90;29.50;43.20;17.80;12.20;48.70;29.80;24.40;17.60;27.20;45.70;34.50;24.40;67.70;22.30;45.70;26.80;168.90;30.10;295.50;45.20;56.50;152.30;25.40;15.20
31/12/1991;23.10;14.40;3.80;144.40;51.10;3.00;45.00;68.50;12.10;54.00;50.40;7.00;45.80;21.50;12.50;4.40;20.90;41.20;61.10;13.00;35.00;34.00;112.90;49.90;80.00;74.30;234.20;97.60;6.90;123.50;150.30;34.90
31/01/1992;135.70;15.80;21.00;56.40;64.10;262.50;62.80;41.60;36.40;121.10;138.40;45.10;68.80;285.40;42.60;118.40;68.20;180.90;77.60;19.90;72.80;122.90;39.80;105.40;180.00;39.40;204.90;101.20;63.90;99.60;26.90;120.80
29/02/1992;3.80;107.30;2.10;21.10;37.80;59.80;7.80;37.40;17.80;20.20;21.50;28.50;33.60;24.60;27.90;22.00;33.50;31.60;19.30;9.90;23.60;23.80;16.90;8.20;52.10;38.10;62.50;14.40;17.30;45.20;26.60;14.80
31/03/1992;1.70;37.00;30.50;20.30;3.60;0.00;123.60;5.90;9.80;3.60;3.50;0.70;32.70;0.90;17.90;1.00;2.10;1.50;15.40;8.80;16.50;11.50;25.10;24.70;8.10;30.20;40.40;19.10;16.10;30.10;26.10;3.40
30/04/1992;9.40;13.50;3.80;26.80;63.80;4.20;45.80;7.60;12.90;3.20;22.60;9.10;20.50;6.10;16.20;16.40;4.50;0.20;44.90;19.10;34.60;21.90;74.70;38.80;0.00;8.70;29.20;85.40;31.80;58.30;96.60;4.80
31/05/1992;23.20;0.00;0.00;197.30;116.60;0.00;24.80;32.80;118.70;25.10;78.60;37.90;115.10;24.40;112.40;40.60;119.80;24.60;118.00;49.40;95.40;85.20;24.10;84.70;0.00;8.00;52.30;113.40;209.20;74.20;10.80;45.40
30/06/1992;36.10;0.00;0.00;272.00;43.10;31.00;289.70;20.50;70.60;11.30;70.10;68.60;64.80;38.00;67.30;35.50;131.40;17.00;42.30;139.00;134.60;70.80;278.20;48.60;0.00;5.70;282.20;67.90;94.80;167.70;165.10;28.20
31/07/1992;87.60;5.30;6.20;78.90;90.50;192.30;179.60;98.00;150.00;87.20;198.50;136.30;132.60;193.00;131.70;133.50;213.40;233.40;62.90;145.30;131.90;180.80;112.60;60.20;151.00;67.10;124.20;56.80;131.70;156.30;122.60;76.20
31/08/1992;70.70;0.00;8.50;172.80;45.80;143.00;220.60;104.00;171.80;139.20;163.60;212.20;124.60;249.80;175.60;178.10;253.50;238.60;94.30;137.20;148.90;172.40;167.50;63.60;170.60;128.20;217.10;146.80;173.70;289.80;172.80;75.90
30/09/1992;46.80;9.70;31.10;267.60;53.60;347.40;235.90;59.80;189.80;43.90;124.50;308.90;95.30;192.10;244.00;250.30;298.40;213.10;74.60;140.10;196.30;117.10;196.80;71.60;130.90;58.30;432.50;73.50;164.90;370.30;235.40;63.30
31/10/1992;152.70;0.00;0.00;153.00;8.30;225.40;71.30;14.00;149.30;19.00;89.10;194.90;133.70;150.30;108.80;164.20;145.70;52.20;42.10;38.10;160.30;103.00;172.80;121.20;10.00;8.50;165.60;199.30;106.80;246.00;161.80;54.20
30/11/1992;26.10;0.00;0.00;163.80;12.10;3.70;65.70;15.30;60.90;18.60;27.60;29.40;57.90;14.10;42.50;22.30;48.80;4.70;99.00;35.70;50.50;26.60;183.30;33.10;9.80;3.10;134.30;55.70;44.60;93.30;169.70;40.00
31/12/1992;9.90;30.50;16.50;16.60;12.10;84.20;8.80;19.30;4.90;22.30;15.60;25.00;21.30;58.10;5.20;27.90;7.20;107.40;12.00;6.00;6.40;23.80;52.50;17.20;54.40;55.00;29.90;7.10;3.20;31.60;12.70;23.90
31/01/1993;15.40;218.40;61.30;84.60;10.40;31.90;7.40;21.80;11.90;6.10;9.70;4.40;23.40;16.50;8.20;9.50;0.00;20.80;24.20;11.20;8.70;13.70;222.60;18.20;17.70;85.30;62.30;19.10;4.50;43.70;211.80;13.30
28/02/1993;0.00;20.00;12.90;16.10;10.70;0.00;4.30;12.20;16.90;2.80;4.40;8.20;24.20;0.00;9.80;3.00;3.80;0.00;20.00;6.60;15.80;12.80;28.90;26.20;13.40;35.20;28.60;26.80;7.70;39.20;6.80;3.20
31/03/1993;0.00;5.10;0.00;30.80;15.20;0.00;24.30;7.50;5.30;0.00;0.50;4.80;25.70;0.00;5.10;1.10;2.70;0.00;17.00;34.10;45.10;12.60;42.80;7.70;0.00;5.70;53.80;27.30;11.10;48.80;41.60;7.90
30/04/1993;4.60;0.00;0.00;51.60;8.70;0.00;49.10;3.50;17.40;2.50;14.70;5.40;24.30;2.90;17.90;11.00;17.60;0.00;17.30;9.00;28.40;21.10;70.30;28.90;0.00;11.30;71.40;25.20;37.50;38.90;38.90;3.90
31/05/1993;7.80;0.00;0.00;78.00;40.30;0.00;90.60;14.70;20.00;8.20;12.50;3.50;40.50;3.70;14.80;4.30;7.50;3.70;51.70;15.20;31.80;30.20;203.90;62.00;5.00;4.80;100.80;110.00;21.80;78.80;113.70;14.80
30/06/1993;77.00;0.00;0.00;182.50;75.20;296.70;235.90;9.00;150.70;46.10;224.50;234.90;155.60;232.70;140.40;269.20;272.90;214.70;207.20;253.90;190.10;160.70;292.50;182.30;22.00;11.10;264.50;264.20;124.90;386.50;289.20;62.40
31/07/1993;106.60;0.10;8.80;132.90;32.40;339.80;193.30;133.80;190.80;122.30;190.20;241.80;100.10;322.70;154.40;223.80;200.70;254.90;9.70;227.50;176.60;195.30;50.90;64.00;124.80;55.40;126.80;33.20;126.10;140.50;67.90;101.50
31/08/1993;110.10;5.30;80.10;219.20;18.00;330.40;599.80;132.20;130.10;80.70;152.00;222.10;88.80;158.80;98.00;160.80;162.80;397.60;45.00;481.10;351.10;76.00;141.20;163.40;189.80;143.00;388.80;60.20;73.50;248.00;82.50;105.70
30/09/1993;100.80;0.60;89.80;263.60;75.70;170.10;408.50;127.60;147.90;188.20;159.50;274.60;223.60;129.30;140.10;160.90;185.20;366.80;217.60;397.40;489.10;82.30;279.30;458.10;271.30;132.90;400.40;282.70;207.90;390.60;262.10;102.80
31/10/1993;36.20;1.70;4.40;141.30;21.10;81.40;362.30;42.10;31.50;17.40;18.70;62.80;41.10;30.70;18.70;61.50;51.60;62.60;40.20;176.00;118.50;25.70;170.20;89.00;49.90;41.30;395.50;44.40;34.70;127.50;77.70;20.50
30/11/1993;3.30;15.10;80.10;39.40;4.20;6.80;87.00;17.10;16.90;23.10;14.30;17.70;40.90;3.30;11.00;4.20;23.60;3.30;20.60;65.20;59.00;30.90;40.20;79.40;53.10;27.00;114.40;20.90;9.60;88.50;27.90;7.20
31/12/1993;1.80;5.40;2.90;29.70;0.40;0.00;82.40;15.40;0.10;0.30;0.00;0.00;0.40;0.00;0.00;0.00;0.00;0.10;4.10;20.10;8.30;0.00;60.10;6.00;4.50;11.70;123.30;29.80;0.00;28.40;14.00;0.00
31/01/1994;8.30;10.30;0.00;85.40;12.80;0.00;46.10;1.20;17.70;3.50;3.20;0.50;11.30;0.50;3.20;0.40;0.80;1.20;60.80;21.30;29.00;2.80;189.40;20.60;0.00;1.00;248.10;84.20;24.40;55.30;58.80;4.40
28/02/1994;0.00;43.20;1.10;53.20;3.10;0.00;51.10;1.00;2.20;0.10;0.00;0.00;14.70;0.00;0.60;0.00;0.00;0.00;9.00;29.00;26.70;0.00;34.00;15.60;0.00;4.00;176.70;5.10;0.40;28.10;29.20;0.00
31/03/1994;0.10;39.70;0.40;29.50;10.20;0.00;37.70;5.50;4.20;11.00;0.70;0.00;6.20;0.10;4.60;0.00;0.10;4.90;27.10;6.00;6.70;4.00;56.50;9.40;4.20;1.90;107.00;19.60;2.00;16.90;34.10;2.40
30/04/1994;10.50;16.00;0.00;32.80;2.60;0.00;76.10;4.00;45.10;5.20;18.10;5.30;57.00;1.70;41.00;0.80;3.90;0.00;16.70;20.00;49.60;22.80;10.00;42.40;1.40;1.10;193.70;22.80;62.20;51.30;90.90;11.20
31/05/1994;4.30;0.10;0.00;51.70;8.50;0.40;105.80;3.70;50.20;1.80;22.40;28.30;41.20;2.90;18.80;2.30;15.60;0.40;40.40;68.00;65.10;37.20;38.10;45.20;0.00;0.10;62.90;20.00;77.40;62.00;95.20;6.40
30/06/1994;108.60;1.80;0.00;148.40;86.80;111.90;11.70;30.40;182.40;44.00;150.10;94.10;105.90;89.30;83.90;45.00;127.80;126.70;48.00;133.00;107.10;100.50;102.70;61.70;39.70;16.90;78.40;112.60;176.40;104.40;169.80;135.80
31/07/1994;72.80;0.00;4.10;136.70;50.70;100.60;278.10;114.10;221.40;79.00;83.00;134.70;64.30;117.60;92.50;77.00;64.70;231.30;73.80;178.20;124.40;62.20;57.40;47.00;184.40;77.80;152.20;32.60;149.60;142.00;89.30;110.60
31/08/1994;99.10;3.80;67.70;256.60;23.40;184.60;293.60;106.50;224.90;92.60;122.50;163.00;179.80;128.10;167.90;119.90;235.50;439.00;89.30;305.50;365.80;97.20;120.90;189.00;230.80;113.20;314.00;156.50;234.10;246.00;210.20;136.10
30/09/1994;91.30;0.60;30.80;286.20;56.20;94.00;255.80;72.20;164.40;61.00;86.60;144.40;103.60;136.20;96.70;94.60;103.60;229.40;98.70;356.80;243.30;30.20;222.40;229.90;72.80;81.00;353.70;125.00;140.20;226.90;202.30;80.70
31/10/1994;51.30;2.60;13.20;112.30;31.90;195.60;288.00;32.00;98.60;52.60;41.10;122.50;108.90;63.70;38.30;40.70;137.00;175.30;50.00;208.00;160.60;42.00;80.40;156.40;60.20;24.40;226.00;97.30;95.70;119.50;99.20;75.60
30/11/1994;0.50;16.70;37.00;46.10;12.60;18.50;111.90;43.30;7.10;7.50;0.90;5.40;10.80;9.20;2.60;3.70;8.90;11.50;21.50;89.70;85.00;5.00;207.10;23.60;87.70;75.40;123.60;14.00;13.40;101.50;40.80;5.90
31/12/1994;1.20;20.50;89.10;78.90;21.90;0.00;67.40;63.60;3.90;14.70;2.00;0.00;14.50;1.20;4.40;2.90;0.00;11.70;24.70;15.20;39.00;0.00;101.00;10.70;63.70;116.20;134.60;30.70;11.90;77.60;73.90;4.00
31/01/1995;1.80;99.90;12.70;16.70;2.00;0.00;94.90;5.30;31.00;1.50;4.60;7.50;30.80;0.50;15.30;1.60;36.10;0.00;12.00;40.50;42.90;4.80;60.00;7.50;2.20;14.10;251.70;6.70;33.70;64.60;27.10;2.50
28/02/1995;2.20;57.90;7.00;11.60;11.20;0.00;70.90;29.80;13.10;3.20;7.90;8.70;38.00;3.70;9.40;0.70;0.80;1.40;17.20;11.10;48.90;5.60;31.90;19.30;7.80;43.20;142.70;11.50;19.70;31.00;0.90;1.10
31/03/1995;0.00;114.30;0.00;20.20;16.20;0.00;54.60;2.60;11.10;0.00;0.40;0.00;19.00;0.00;7.40;0.10;1.90;0.00;16.80;25.50;33.20;5.90;21.30;17.90;0.00;4.10;110.60;20.60;23.80;29.40;39.20;0.00
30/04/1995;0.00;22.70;0.00;69.20;4.80;0.10;116.30;0.20;13.30;0.00;7.40;4.30;21.30;0.10;6.30;1.80;6.90;0.00;8.00;37.90;32.20;8.20;110.20;15.30;0.00;0.70;179.90;20.10;48.40;30.00;11.00;0.00
31/05/1995;6.70;17.50;0.70;13.20;72.30;0.00;91.40;1.70;102.30;1.70;93.50;53.90;59.90;22.20;70.90;16.10;223.20;0.00;90.70;131.00;164.60;67.30;17.60;78.50;0.00;0.00;32.30;50.60;158.50;59.40;20.70;13.90
30/06/1995;78.80;5.00;0.00;245.70;12.70;115.20;316.60;29.60;159.90;39.30;91.20;133.10;59.20;89.80;103.60;92.20;226.70;98.30;59.20;203.40;223.30;97.20;254.40;104.60;10.90;1.30;436.10;65.50;170.60;174.60;134.40;82.40
31/07/1995;120.00;0.30;8.30;141.80;42.20;73.10;311.80;79.40;154.60;87.90;112.20;137.10;98.60;109.10;117.60;124.70;127.10;392.00;46.40;308.80;342.80;29.80;167.00;104.10;131.30;55.10;463.70;63.30;115.40;303.90;128.70;121.80
31/08/1995;150.70;0.50;25.40;180.70;48.20;237.10;375.40;78.50;191.20;97.60;162.90;218.40;164.40;161.80;137.40;164.20;232.10;380.60;197.80;675.30;518.20;181.60;73.60;260.90;185.80;101.90;405.30;233.60;270.00;285.30;111.60;176.10
30/09/1995;92.70;1.00;91.00;413.40;80.90;104.00;286.40;94.60;100.40;75.80;72.80;171.10;63.60;100.70;74.80;92.40;105.90;197.80;54.10;132.00;282.30;112.80;420.00;61.70;149.50;76.00;518.00;86.10;97.80;168.00;182.00;82.40
31/10/1995;0.40;0.00;0.00;382.30;23.60;48.70;199.00;7.00;51.00;2.10;9.70;58.00;112.00;7.40;27.40;20.60;54.50;1.20;23.20;210.20;263.90;9.80;210.30;61.80;0.70;9.40;467.10;65.20;65.40;171.00;118.00;0.70
30/11/1995;3.30;1.60;5.80;103.10;24.50;28.10;101.20;9.10;64.20;1.40;13.30;25.50;60.50;5.90;27.70;21.00;46.70;8.10;37.10;78.30;111.20;21.10;65.90;36.00;1.30;17.60;166.50;66.20;63.80;88.30;77.90;3.80
31/12/1995;5.50;8.30;4.40;41.60;12.80;17.80;86.10;9.60;69.10;7.10;22.90;46.00;28.00;11.80;13.60;35.40;54.50;12.30;18.40;68.50;71.50;23.70;82.20;22.00;1.30;3.70;193.00;33.90;65.00;69.00;58.40;14.50
31/01/1996;0.00;22.60;0.10;25.30;1.00;0.00;22.50;3.50;0.30;1.80;0.00;0.00;0.40;0.00;0.00;0.00;0.00;0.00;3.40;1.90;7.30;0.00;30.60;0.90;0.70;0.00;70.10;0.60;0.00;12.90;21.50;0.00
29/02/1996;1.40;19.10;0.60;14.50;1.60;0.20;16.70;2.80;0.40;0.90;0.00;0.00;3.80;0.30;0.40;0.00;0.00;0.10;2.60;9.80;19.90;0.00;19.10;6.20;0.50;2.60;49.70;1.00;0.50;23.30;12.10;2.60
31/03/1996;0.00;40.60;0.00;19.00;0.20;0.00;17.90;0.00;2.30;0.00;0.80;0.00;11.10;0.10;2.30;0.30;8.50;0.20;2.40;6.90;25.80;0.70;55.10;9.60;0.00;0.20;61.50;8.10;3.80;33.70;41.70;0.00
30/04/1996;6.40;2.80;0.00;67.00;19.10;0.00;56.70;0.90;30.70;4.60;1.70;3.50;12.20;2.70;19.90;3.20;4.50;2.20;8.30;23.90;35.80;1.00;146.00;6.60;1.10;0.20;109.00;5.40;24.70;30.30;32.90;6.20
31/05/1996;2.90;0.00;0.00;83.30;43.30;3.80;76.90;0.30;24.00;5.30;10.00;50.10;5.80;13.40;25.00;14.70;34.90;1.10;13.50;55.20;34.70;9.90;114.70;21.30;0.00;0.30;63.30;10.60;67.20;48.40;46.90;7.60
30/06/1996;50.30;0.00;0.30;227.50;18.10;185.00;268.00;75.90;133.60;67.10;74.20;256.00;102.40;115.20;91.40;131.00;228.50;116.20;33.80;256.00;310.60;61.70;134.60;153.30;29.50;13.20;248.40;46.70;155.00;259.30;135.00;97.10
31/07/1996;39.10;3.40;6.00;159.00;33.10;161.90;264.60;88.20;109.00;61.50;88.50;195.90;57.40;98.80;96.70;113.40;168.20;260.20;14.50;318.80;256.60;66.30;91.80;20.40;206.10;142.10;232.60;5.90;115.60;197.80;124.40;74.90
31/08/1996;87.20;0.30;73.00;241.40;108.10;303.00;237.60;153.50;114.70;153.40;173.20;203.30;126.60;149.40;93.00;141.80;230.60;237.70;187.40;310.40;419.10;51.50;172.80;255.80;246.00;89.60;217.10;185.80;137.40;284.70;82.20;107.30
30/09/1996;130.70;0.70;74.20;169.00;49.60;84.10;273.20;76.80;134.80;85.20;165.70;151.70;138.20;134.30;159.40;113.70;109.90;238.30;48.00;171.80;244.50;136.00;80.30;212.70;131.60;64.10;262.10;109.60;161.70;199.80;73.40;103.90
31/10/1996;58.70;20.50;0.80;170.20;42.30;159.40;168.00;7.30;52.10;50.90;51.00;132.60;62.50;77.30;64.30;109.20;89.60;86.40;89.50;114.40;144.40;39.30;158.50;63.00;20.30;8.00;307.40;60.30;41.40;84.40;107.00;72.50
30/11/1996;2.80;16.00;4.70;57.60;9.40;6.30;73.90;30.70;0.30;9.30;0.50;4.30;13.10;6.50;1.50;3.90;0.00;29.70;7.20;43.40;88.30;0.00;92.60;9.30;40.00;6.70;203.80;18.50;0.00;82.50;16.90;10.20
31/12/1996;0.10;11.60;0.20;36.50;2.60;2.90;46.40;0.00;17.70;2.30;1.40;3.30;6.50;0.00;5.80;1.50;15.30;0.00;2.70;10.60;29.40;0.90;36.00;23.70;0.10;0.00;171.20;12.80;19.60;47.20;53.90;0.00
31/01/1997;20.80;47.30;19.00;33.90;7.70;0.80;17.00;7.80;1.30;27.10;2.60;0.10;7.80;5.20;2.00;2.80;0.30;49.40;9.80;12.60;8.00;1.10;45.10;11.80;30.90;3.20;124.30;6.40;9.00;36.80;18.60;30.20
28/02/1997;13.90;10.30;0.40;63.70;24.50;0.00;39.70;7.80;1.70;6.20;1.40;0.00;7.30;1.80;1.00;0.20;0.30;15.30;12.60;8.70;28.40;0.00;73.10;11.80;1.00;8.20;159.50;12.10;1.20;28.30;20.30;9.80
31/03/1997;17.50;0.00;0.00;21.90;61.30;9.50;14.40;12.40;33.20;15.00;28.80;7.30;62.80;17.70;19.90;7.20;13.00;7.20;90.30;17.60;81.60;15.70;24.40;73.20;3.50;3.20;40.60;124.60;42.50;61.60;8.50;13.00
30/04/1997;27.60;4.80;2.50;51.20;31.50;1.30;37.30;32.80;60.20;22.50;42.70;8.80;78.90;26.70;25.30;10.20;53.50;26.60;95.70;34.60;60.30;53.80;53.70;85.30;33.60;11.60;84.30;125.00;100.00;80.40;52.60;20.10
31/05/1997;10.80;0.10;1.00;89.20;66.20;4.20;62.40;24.20;63.00;19.20;28.80;21.00;90.30;21.00;33.70;12.80;32.40;4.20;63.50;33.70;82.00;42.20;34.30;63.50;7.00;11.20;154.30;80.70;89.30;109.60;75.20;23.60
30/06/1997;44.50;0.90;1.10;114.10;77.20;45.30;198.80;37.90;84.30;50.60;82.50;141.60;69.50;111.40;93.60;70.50;106.20;127.00;40.10;141.10;96.20;38.40;174.10;91.20;32.40;7.20;162.40;83.30;71.10;142.20;101.40;62.30
31/07/1997;58.40;0.20;15.70;213.50;25.90;155.50;181.50;97.80;204.90;82.50;109.40;152.90;42.80;136.50;129.70;111.80;131.20;275.00;14.40;213.90;321.30;261.30;84.00;86.00;116.90;59.90;177.50;15.70;75.30;245.20;130.90;99.60
31/08/1997;41.90;0.00;64.80;263.90;17.30;116.00;180.60;110.10;139.40;56.50;101.40;105.20;51.90;107.00;96.30;109.00;99.70;389.90;17.30;124.30;183.00;34.00;124.10;63.20;148.70;134.00;219.80;30.40;99.90;177.10;119.00;63.80
30/09/1997;26.60;55.40;133.60;204.40;43.20;137.40;339.80;68.30;114.60;65.90;35.10;169.70;64.00;76.20;86.90;60.20;125.00;149.70;80.60;243.00;267.70;22.90;249.50;82.10;160.60;56.40;340.40;92.50;117.70;254.60;105.60;38.80
31/10/1997;45.90;0.20;0.50;143.60;35.00;125.80;183.30;5.90;52.70;12.60;45.50;179.30;85.40;50.90;35.80;52.20;104.40;71.30;96.20;287.80;190.80;21.70;121.60;173.40;24.60;3.40;269.80;199.40;72.50;205.40;113.80;34.20
30/11/1997;14.20;15.50;18.70;144.30;17.80;87.10;181.60;20.70;15.40;21.80;11.50;28.00;19.50;25.20;11.60;20.50;27.80;84.80;22.70;151.90;77.50;5.40;234.70;18.00;64.80;37.50;308.40;27.80;32.60;174.00;65.40;23.20
31/12/1997;0.50;47.80;10.60;68.00;9.60;9.30;39.30;29.70;7.30;13.30;0.10;9.80;5.40;0.40;4.60;1.30;12.70;13.20;4.40;17.50;26.40;0.20;46.80;4.80;46.60;59.80;93.40;10.70;9.80;35.10;23.30;5.50
31/01/1998;0.00;22.30;0.20;30.80;3.20;0.10;14.00;0.10;9.30;0.20;0.90;0.00;17.90;0.10;6.30;0.20;1.60;0.80;1.90;33.80;24.30;1.30;167.00;10.60;0.00;0.00;73.80;2.10;4.40;35.70;45.40;0.30
28/02/1998;1.00;148.10;8.00;9.50;5.20;0.00;9.00;11.80;0.00;5.30;1.10;0.00;4.00;0.60;0.00;0.50;0.00;21.10;15.90;1.10;6.60;0.40;15.00;8.70;18.00;33.00;22.50;28.50;0.00;9.20;17.10;3.20
31/03/1998;0.00;60.90;1.20;7.90;18.10;0.00;3.90;6.80;0.20;0.10;0.30;0.10;18.80;0.00;0.00;0.40;0.00;0.00;23.90;25.70;18.90;0.10;18.00;18.50;2.80;10.30;7.80;27.90;0.00;47.40;19.70;0.00
30/04/1998;0.00;26.20;0.00;2.40;0.20;0.00;5.60;0.00;5.90;0.40;0.10;0.00;6.70;0.00;2.00;0.00;0.60;0.10;2.90;27.90;19.70;0.00;39.40;9.70;0.10;0.30;17.00;4.70;5.80;28.90;42.20;0.00
31/05/1998;1.30;21.00;0.00;38.90;0.60;0.10;14.10;0.10;6.30;0.00;0.70;2.60;1.10;0.20;3.00;0.30;1.70;0.00;0.90;0.70;2.10;0.50;79.70;9.70;0.00;0.00;0.00;10.40;4.60;6.60;81.80;0.50
30/06/1998;85.50;0.20;1.10;122.00;32.80;90.90;246.80;16.20;72.40;25.00;98.00;110.20;62.40;93.50;81.50;103.00;162.20;98.20;31.00;147.00;120.70;73.30;192.00;69.20;11.30;20.90;153.40;35.90;92.10;102.50;121.70;67.30
31/07/1998;66.60;2.70;24.10;250.70;10.30;170.00;278.90;80.10;101.10;69.40;131.10;232.50;71.80;179.20;86.80;178.60;167.50;354.90;24.00;377.00;362.50;39.10;229.70;114.70;151.00;104.30;366.70;29.40;80.90;323.70;141.60;99.80
31/08/1998;114.50;4.70;84.40;187.20;144.30;183.00;274.70;80.90;202.10;100.00;189.50;167.30;91.60;185.20;119.00;171.20;240.00;359.60;84.00;198.40;234.90;116.90;210.90;93.70;190.10;97.20;257.30;80.10;169.40;199.10;152.30;146.10
30/09/1998;76.40;2.20;109.10;218.00;56.10;415.70;355.10;36.40;257.30;37.50;214.70;266.00;269.10;211.10;183.90;209.70;344.80;416.20;129.80;543.50;456.20;176.70;174.50;241.50;211.30;55.50;328.50;251.10;272.40;373.40;174.70;109.60
31/10/1998;13.30;4.40;12.00;196.00;38.00;82.70;278.80;27.00;110.20;27.20;77.20;130.20;161.90;47.50;74.90;66.00;125.90;155.40;67.70;352.60;475.90;80.90;403.60;172.20;27.70;16.40;427.90;140.10;77.80;363.60;147.10;35.10
30/11/1998;0.10;13.20;0.40;178.10;14.80;4.10;144.00;10.60;22.90;4.50;10.40;14.00;48.80;3.10;15.30;7.00;22.00;6.00;37.40;100.20;146.20;15.70;164.80;70.70;2.50;6.50;190.10;78.10;17.50;201.00;101.10;10.10
31/12/1998;0.00;12.50;0.10;49.60;2.60;0.00;37.50;1.30;0.30;0.00;0.00;0.30;5.00;0.00;0.30;0.00;0.00;0.20;2.40;13.10;26.70;0.00;54.70;6.90;0.00;2.30;111.10;8.00;0.00;61.60;12.70;0.00
31/01/1999;0.00;15.30;0.00;12.90;0.10;0.00;37.00;0.00;2.00;0.00;0.00;0.00;2.00;0.00;0.10;0.30;0.00;0.00;0.00;17.10;15.40;0.00;78.70;1.40;0.00;0.00;83.50;1.50;0.70;41.20;16.10;0.00
28/02/1999;0.00;15.00;0.00;29.10;0.00;0.20;49.50;0.00;1.70;0.00;0.00;0.20;11.00;1.80;1.60;1.30;0.20;0.00;1.50;14.60;26.50;0.00;33.80;6.80;0.00;0.10;74.00;3.40;4.20;30.70;13.20;0.40
31/03/1999;0.10;19.90;0.30;4.50;23.00;0.00;31.80;3.30;7.50;0.20;0.90;0.60;11.10;0.10;5.80;1.10;2.90;0.00;24.80;8.80;20.30;1.00;18.60;20.70;1.40;1.30;33.70;47.20;17.20;23.10;41.60;0.70
30/04/1999;7.00;36.70;0.80;8.70;17.80;0.00;59.40;3.50;17.80;0.20;2.20;2.80;12.90;0.30;7.80;0.70;14.80;0.00;20.50;34.40;41.10;3.20;25.90;3.70;0.90;2.90;74.10;12.20;34.40;38.00;15.90;2.20
31/05/1999;2.40;0.00;0.00;84.10;39.30;1.30;116.00;2.90;26.10;4.70;14.60;21.50;24.40;6.80;18.10;26.60;19.10;0.80;43.00;26.30;42.50;12.70;35.10;26.20;0.00;0.00;36.00;46.20;41.90;58.50;86.20;8.30
30/06/1999;59.60;1.50;2.30;268.90;121.50;199.50;369.60;30.00;67.90;96.30;93.00;186.30;68.00;169.80;82.80;165.20;200.30;268.60;106.20;392.40;304.30;24.40;174.20;49.70;83.10;20.20;205.40;96.70;113.60;185.90;198.40;103.50
31/07/1999;108.20;0.10;8.00;245.80;30.90;124.20;244.00;73.10;155.00;83.60;171.00;191.60;199.10;190.50;116.20;176.00;249.10;390.60;81.70;377.10;334.00;84.70;242.00;236.10;191.60;103.60;238.40;184.20;195.40;370.40;188.10;131.50
31/08/1999;52.20;1.60;26.00;178.60;84.90;214.20;332.70;76.80;204.00;46.40;107.90;233.50;111.00;179.80;172.90;219.10;308.40;361.70;56.10;306.60;364.00;74.20;215.50;58.10;157.80;79.50;281.70;67.50;204.20;234.70;161.90;90.40
30/09/1999;66.80;4.30;22.30;264.80;10.00;483.00;407.70;44.10;87.50;33.10;41.70;233.60;161.40;102.40;78.60;98.90;196.60;242.90;79.50;490.60;462.30;33.80;220.70;175.80;91.30;45.10;573.20;175.30;108.90;471.00;158.70;63.60
31/10/1999;7.00;0.00;0.00;238.00;13.70;46.20;330.70;2.10;100.30;1.90;5.20;78.50;111.20;35.00;65.00;44.10;136.10;95.70;26.90;182.30;414.90;11.90;183.40;33.40;27.00;10.50;594.30;54.70;165.10;276.50;253.80;10.20
30/11/1999;0.00;0.00;0.00;61.20;0.20;1.60;46.60;1.30;3.60;5.80;0.20;2.30;21.50;5.30;6.00;2.00;7.20;1.20;2.00;47.00;75.70;3.10;147.80;10.10;0.90;0.00;141.90;10.80;6.30;113.80;26.10;2.20
31/12/1999;0.00;4.50;0.00;61.80;2.60;0.00;53.30;1.80;2.40;2.90;2.70;0.40;6.80;0.40;2.30;4.50;0.80;0.00;9.20;63.80;37.70;2.30;70.80;10.50;0.70;2.10;139.90;15.40;2.30;85.80;60.10;3.10
31/01/2000;0.00;2.70;0.00;17.00;0.50;0.00;42.70;0.30;0.00;0.00;0.00;0.00;7.40;0.00;0.10;0.00;0.00;0.00;7.80;19.90;39.00;0.00;72.40;12.50;0.00;0.10;117.50;25.90;0.00;48.60;11.50;0.00
29/02/2000;0.10;48.90;0.30;8.00;15.80;0.00;37.30;0.10;0.90;0.40;0.00;0.00;6.40;0.40;3.90;1.60;0.00;0.00;13.50;13.00;54.60;0.90;6.40;4.00;0.00;0.60;83.60;15.60;0.20;31.70;11.00;2.80
31/03/2000;0.00;16.40;5.20;25.00;18.50;0.00;12.70;4.20;10.50;0.10;1.20;0.40;20.50;0.10;7.80;0.70;0.00;0.00;8.70;41.90;26.70;0.20;7.60;21.40;1.40;20.80;15.40;50.20;6.70;39.90;29.70;0.00
30/04/2000;0.00;6.60;0.00;7.60;9.60;0.00;38.90;0.60;11.50;2.50;0.30;0.50;42.50;0.20;7.80;0.30;0.70;0.00;18.60;45.60;135.70;2.30;6.60;26.20;0.00;0.00;49.90;31.00;24.20;72.40;22.00;1.10
31/05/2000;82.10;0.10;0.20;115.20;29.20;6.70;360.80;6.80;106.60;20.50;76.70;70.90;57.00;37.00;84.50;69.70;123.50;12.60;74.90;225.90;185.00;37.10;107.20;74.60;0.70;2.50;298.00;58.00;112.20;193.00;42.70;41.00
30/06/2000;119.80;3.30;3.00;240.30;88.40;140.50;297.40;75.20;181.00;80.20;139.70;161.90;140.00;166.70;176.00;187.80;249.80;268.30;52.00;306.80;419.80;105.20;203.90;146.80;113.10;48.30;316.20;166.30;182.70;298.70;193.30;146.20
31/07/2000;81.10;0.00;7.30;157.90;16.90;105.90;213.60;67.20;120.50;61.10;111.80;175.30;57.60;123.20;100.10;183.00;95.00;296.30;9.90;178.50;212.90;53.10;43.40;18.40;158.80;75.40;147.50;19.80;66.60;213.40;99.50;95.30
31/08/2000;78.80;1.20;32.30;300.90;25.90;154.50;335.60;39.10;163.40;60.70;653.30;124.10;107.00;121.70;125.50;149.60;241.20;238.70;39.80;378.80;364.70;83.80;317.10;120.40;151.00;60.20;333.80;128.90;107.50;377.30;164.30;99.70
30/09/2000;28.90;1.10;30.80;257.20;48.10;276.20;401.40;24.40;99.80;48.00;65.10;232.10;77.80;114.80;99.30;122.50;156.10;228.60;75.80;244.70;245.20;58.40;284.00;103.90;104.60;39.60;434.30;67.50;64.20;288.50;124.40;42.40
31/10/2000;16.40;11.40;18.60;174.20;82.90;61.40;219.40;61.40;54.60;36.30;23.70;49.90;36.20;56.80;52.50;62.60;69.40;78.50;123.30;106.20;139.30;16.30;226.90;61.80;117.20;88.00;330.80;179.30;43.30;157.10;96.00;41.90
30/11/2000;1.20;2.80;6.80;74.10;42.90;7.50;132.50;26.70;12.30;8.30;4.90;1.10;23.70;2.00;9.10;12.40;4.10;2.10;19.80;80.80;74.50;15.40;60.30;38.30;43.90;16.70;215.70;50.80;14.40;128.00;36.90;3.60
31/12/2000;9.30;1.30;0.70;29.00;9.40;7.00;77.80;0.60;1.80;1.00;3.80;0.70;15.00;9.30;1.20;7.20;1.30;24.30;8.90;35.00;85.70;0.00;110.70;17.30;1.20;0.10;168.50;44.10;5.40;99.70;12.30;18.80
31/01/2001;0.50;57.20;1.90;14.70;15.00;3.50;23.00;9.40;2.30;1.60;4.90;2.30;9.10;2.40;4.60;3.10;3.90;2.30;14.00;14.80;23.40;1.00;31.90;14.60;5.00;21.80;57.40;13.20;0.30;56.30;10.50;1.40
28/02/2001;0.50;56.10;0.20;93.50;10.20;0.00;107.50;18.10;8.50;0.40;2.60;0.10;34.10;2.20;6.20;4.20;0.80;1.40;16.60;33.00;40.80;10.30;17.20;12.20;12.10;10.10;245.50;24.50;7.00;53.60;38.60;1.10
31/03/2001;17.80;17.60;4.30;4.10;24.70;16.60;22.10;5.50;8.50;11.60;6.60;24.40;15.00;9.40;16.30;13.30;20.90;26.10;22.00;41.60;43.70;3.70;40.60;14.10;24.00;5.00;32.30;19.90;7.70;62.80;10.80;14.10
30/04/2001;16.70;22.10;2.20;35.60;16.50;0.00;100.90;5.90;55.90;11.90;17.80;12.70;25.90;4.10;40.50;24.90;20.40;0.00;25.80;25.60;63.40;15.90;38.90;27.80;0.00;7.80;10.80;54.40;34.00;60.60;30.30;15.80
31/05/2001;17.20;0.30;0.40;116.00;22.80;2.90;276.00;11.40;58.00;8.80;44.40;52.10;57.10;25.70;55.10;73.00;54.30;0.00;41.40;121.90;75.80;34.90;302.90;56.80;1.10;2.20;163.00;45.70;86.70;162.20;57.70;29.20
30/06/2001;64.60;0.00;0.10;225.90;26.20;71.50;169.30;34.70;148.80;27.60;161.40;161.70;73.00;129.20;143.70;157.50;226.60;117.40;57.60;286.00;207.40;111.20;39.80;96.60;42.00;20.30;123.10;82.70;149.40;205.60;82.00;74.20
31/07/2001;80.70;2.50;14.00;237.60;23.40;158.50;285.50;110.20;162.00;70.70;162.20;275.70;109.50;180.60;146.80;221.10;225.10;276.70;41.20;328.40;221.90;124.80;75.00;68.00;155.40;93.10;186.30;59.40;150.00;236.20;143.00;118.00
31/08/2001;93.50;0.00;28.40;182.00;40.90;255.90;346.90;79.10;162.10;61.30;177.70;174.00;95.40;175.60;153.30;193.80;247.20;334.60;61.00;313.70;239.60;122.60;317.20;120.70;148.80;59.30;318.00;132.10;78.70;323.60;151.30;126.50
30/09/2001;93.80;1.30;94.60;157.20;81.90;140.00;426.10;32.60;163.00;32.60;89.70;264.10;138.40;99.30;135.00;139.30;253.10;230.90;213.00;318.10;282.80;65.10;216.90;190.30;108.80;107.00;395.40;207.90;122.20;327.20;148.50;88.00
31/10/2001;9.40;43.90;10.60;230.90;12.70;66.40;279.70;7.00;43.70;16.90;42.30;50.00;79.70;35.80;34.20;54.20;55.90;28.50;41.00;200.40;163.80;48.00;233.10;63.90;20.20;10.40;468.30;28.20;26.10;328.70;114.50;14.90
30/11/2001;1.10;10.40;1.50;79.10;17.80;0.00;94.40;6.10;7.30;2.80;7.00;0.60;12.20;2.50;6.30;6.00;0.30;0.60;49.60;22.00;47.10;48.00;88.90;35.60;2.40;0.50;199.50;75.20;2.40;103.70;40.60;2.20
31/12/2001;3.40;17.60;0.60;111.40;13.00;0.00;138.50;2.90;3.50;4.80;0.60;10.70;1.80;3.90;0.90;3.00;3.10;6.90;6.90;32.10;30.30;9.50;147.80;4.10;8.80;5.50;251.80;12.90;14.80;60.20;49.90;5.40
31/01/2002;22.50;8.40;0.80;68.80;1.10;22.60;62.10;9.60;8.50;2.10;35.50;16.90;17.90;13.90;12.50;22.00;0.90;1.40;2.30;10.50;29.00;15.00;19.50;16.00;6.30;7.30;159.30;4.60;6.20;32.40;24.70;5.80
28/02/2002;32.50;2.00;6.70;111.10;6.30;25.00;132.60;18.70;2.80;13.70;20.10;6.00;7.80;18.70;6.80;12.70;4.10;59.80;5.90;13.80;31.30;11.30;132.60;12.10;18.30;20.20;308.70;8.50;3.00;45.00;89.30;38.40
31/03/2002;0.10;15.00;0.10;11.80;1.50;0.00;45.00;2.80;15.30;0.00;2.90;0.70;7.80;0.00;9.10;3.50;3.60;0.00;10.10;7.50;19.20;1.20;66.20;5.50;0.00;0.80;118.20;9.50;9.60;29.20;22.80;0.10
30/04/2002;1.30;8.10;0.00;9.00;20.70;0.00;58.10;1.60;32.70;3.10;7.00;1.70;23.70;1.60;26.80;6.20;5.10;0.00;11.70;4.00;21.40;28.50;10.20;9.10;0.20;0.00;24.40;23.40;21.00;19.60;6.60;3.40
31/05/2002;31.50;0.00;0.00;93.80;42.10;4.20;129.80;8.10;24.10;15.10;19.40;39.90;21.20;20.80;21.80;37.50;0.00;0.70;20.00;34.60;53.00;13.70;93.90;30.30;0.00;0.00;77.10;26.40;29.50;44.40;57.00;20.70
30/06/2002;50.80;0.00;0.00;173.70;35.40;79.40;302.60;19.70;88.10;31.70;90.50;153.70;85.90;109.60;86.00;146.10;152.00;37.70;55.60;322.90;217.60;63.60;278.30;112.50;1.80;1.00;326.10;95.40;101.80;308.90;185.20;72.50
31/07/2002;179.60;0.00;14.30;211.10;97.40;180.30;244.70;126.10;190.60;78.10;254.40;166.20;59.00;226.00;151.10;215.40;109.80;263.80;130.60;289.60;247.20;118.90;76.60;148.20;112.90;56.10;65.70;100.80;98.10;241.80;76.00;134.30
31/08/2002;112.10;0.00;14.90;225.90;16.60;165.40;229.10;86.50;102.60;94.20;122.70;104.90;50.60;141.60;87.90;157.70;86.40;201.00;29.10;220.80;141.60;73.70;110.40;49.60;136.20;65.70;170.90;45.10;74.50;180.80;85.70;121.50
30/09/2002;112.50;6.70;28.00;484.30;70.20;229.20;437.10;36.60;191.00;83.00;166.60;321.20;206.30;166.90;191.10;176.50;303.60;335.10;310.40;309.00;273.90;108.40;256.90;234.60;169.20;41.50;362.40;244.00;194.40;209.00;297.80;107.80
31/10/2002;51.30;0.30;7.20;122.50;113.80;174.00;221.50;22.30;88.40;34.30;49.60;67.20;83.20;61.60;72.90;84.10;90.20;115.60;114.90;146.80;172.90;73.50;164.20;126.70;25.10;1.90;168.70;174.50;73.10;201.40;82.20;58.40
30/11/2002;19.20;10.50;13.50;72.30;17.60;76.40;158.90;2.70;23.40;23.70;41.50;123.10;44.70;31.00;37.20;77.40;29.50;26.70;11.90;116.10;61.30;32.10;227.10;38.90;7.60;7.60;361.50;66.30;13.50;141.60;22.00;18.60
31/12/2002;0.00;34.30;7.00;51.10;2.60;0.10;66.50;18.90;0.70;0.30;0.30;0.10;7.80;0.50;0.30;2.10;0.00;2.20;1.40;20.80;12.30;1.20;101.80;9.70;11.70;26.20;154.20;1.20;0.10;41.50;27.90;0.10
31/01/2003;4.90;2.10;2.10;8.80;8.80;0.70;23.90;6.80;0.30;7.00;15.00;0.30;15.00;2.70;2.10;10.70;0.00;0.20;26.60;42.60;33.80;6.40;31.60;25.30;0.60;0.70;78.40;14.50;0.00;56.60;5.10;3.10
28/02/2003;1.20;14.30;14.30;17.00;17.00;0.00;13.50;28.80;1.50;11.70;3.00;0.00;7.20;1.60;0.70;0.90;0.00;8.50;7.70;9.50;8.00;0.20;108.30;7.20;23.40;37.50;36.30;12.50;0.00;13.40;11.10;5.30
31/03/2003;0.00;1.50;1.50;9.70;9.70;0.50;35.60;0.80;14.00;0.10;0.10;1.40;4.10;0.10;5.00;0.40;6.10;0.00;13.80;17.00;14.90;0.30;41.00;7.20;1.30;6.10;64.70;23.70;10.30;21.50;56.20;0.00
30/04/2003;0.70;0.20;0.20;7.30;7.30;0.00;26.50;3.40;16.80;2.00;2.10;1.50;21.30;0.40;14.50;9.90;0.80;0.00;18.10;9.80;34.30;9.00;26.60;20.30;1.30;2.00;22.60;18.60;34.60;34.10;28.70;1.30
31/05/2003;10.20;0.00;0.00;56.40;56.40;2.90;145.40;11.00;17.00;10.80;31.10;16.70;32.90;11.40;17.60;18.80;24.20;0.00;68.30;39.20;64.80;18.40;67.00;39.30;0.30;2.20;120.90;38.50;56.80;59.70;40.00;13.20
30/06/2003;88.30;0.00;0.00;45.70;45.70;190.00;314.60;36.40;194.70;61.50;141.30;251.00;106.90;150.90;154.70;143.90;260.20;85.80;79.40;346.60;233.50;98.10;346.50;60.70;16.80;10.00;217.40;89.00;176.30;208.70;175.80;100.30
31/07/2003;178.90;18.50;18.50;95.30;95.30;125.80;232.90;94.10;146.40;101.20;236.10;195.40;89.50;192.50;130.70;212.00;127.20;212.90;68.70;256.30;201.70;151.90;154.10;135.00;129.80;69.50;143.50;112.20;59.10;256.40;122.50;136.10
31/08/2003;112.70;161.50;161.50;42.10;42.10;153.10;309.80;73.80;146.20;64.20;174.40;192.70;96.70;134.40;141.80;187.70;206.10;244.70;80.20;178.10;283.50;173.50;169.50;124.30;147.90;85.90;270.50;105.20;101.50;213.20;132.40;106.10
30/09/2003;130.40;122.60;122.60;117.80;117.80;183.10;371.50;47.70;163.50;129.40;242.40;237.80;151.60;171.00;161.00;210.00;326.00;413.70;228.10;303.40;431.80;273.80;194.70;253.00;180.40;68.90;234.90;259.30;108.00;380.20;99.30;132.70
31/10/2003;38.50;7.60;7.60;84.50;84.50;221.00;253.40;67.60;56.20;46.90;68.50;135.10;77.30;66.00;65.40;67.80;128.40;53.10;140.30;186.60;202.50;69.00;238.90;168.70;26.70;20.50;331.00;176.00;59.50;232.90;111.90;46.50
30/11/2003;1.40;1.60;1.60;5.20;5.20;0.00;155.40;4.40;11.30;1.70;7.30;8.20;19.00;4.90;14.50;10.20;20.60;0.00;17.70;67.00;60.10;2.60;127.90;24.60;2.40;5.30;436.50;18.70;10.40;149.40;52.20;1.50
31/12/2003;0.00;1.90;1.90;1.90;1.90;0.00;53.10;0.00;0.10;0.00;0.10;0.40;2.50;0.00;0.00;0.00;0.00;0.00;15.40;10.50;27.10;0.10;46.50;10.30;0.00;1.30;119.40;5.60;0.50;48.50;16.30;0.10
31/01/2004;32.10;10.20;37.40;9.10;19.00;41.60;45.70;38.40;25.50;43.50;35.60;47.60;7.20;33.40;16.10;30.40;26.60;70.50;14.20;20.90;29.40;19.10;8.60;18.60;77.20;33.80;168.80;30.50;10.70;44.60;7.80;34.00
29/02/2004;1.40;82.30;5.40;62.40;15.60;0.00;42.30;18.70;0.10;6.70;0.20;0.00;3.60;0.30;0.00;0.00;0.00;2.00;12.20;22.70;8.70;0.00;52.70;5.10;14.80;9.00;108.60;9.70;1.30;28.10;24.60;2.80
31/03/2004;31.60;12.90;4.40;19.20;70.10;3.00;31.10;36.50;23.00;30.10;21.60;7.40;35.00;9.90;0.00;11.60;4.30;0.30;85.30;26.40;66.20;28.50;62.00;0.00;11.30;13.60;85.20;59.30;33.40;69.10;11.20;33.20
30/04/2004;0.00;5.40;0.00;8.70;81.60;0.00;42.80;25.50;18.90;7.40;4.40;2.20;49.90;0.20;11.40;0.60;5.40;0.00;123.90;66.00;76.40;9.00;55.40;33.60;1.30;14.70;122.60;101.30;45.90;71.10;69.90;1.40
31/05/2004;46.80;0.00;0.00;184.10;25.10;10.30;193.80;3.40;48.20;9.10;61.70;107.40;59.70;46.70;60.40;57.50;62.70;1.70;27.70;87.40;93.80;58.40;115.20;84.60;0.20;2.60;252.80;76.70;93.80;143.40;104.90;38.60
30/06/2004;216.30;0.00;0.00;118.40;85.60;157.40;250.20;74.90;142.30;78.90;199.80;216.90;159.90;273.10;176.90;206.80;234.00;223.20;68.20;262.70;218.50;181.30;249.90;241.20;47.50;12.30;118.80;179.50;129.70;226.80;134.60;164.70
31/07/2004;128.80;0.00;18.90;196.20;46.80;205.60;249.10;165.50;115.70;136.40;131.30;177.20;78.30;153.70;119.80;155.00;268.20;348.10;50.10;219.60;187.10;117.40;100.00;106.90;187.50;152.30;123.30;44.70;92.20;144.20;197.10;102.30
31/08/2004;94.00;1.40;45.50;160.70;77.10;197.70;195.70;132.10;144.10;130.30;166.30;220.40;96.60;232.90;155.60;186.70;238.10;387.00;97.70;233.60;212.30;94.60;52.00;68.80;198.40;103.10;222.80;61.40;78.30;200.90;151.10;126.40
30/09/2004;137.40;0.00;59.00;211.20;74.50;289.80;310.80;99.90;150.70;140.10;205.50;196.60;55.10;260.80;133.60;192.60;250.40;305.00;269.30;195.70;232.30;146.30;208.20;178.00;155.90;156.90;312.40;130.50;126.90;204.10;215.50;161.80
31/10/2004;22.00;147.90;25.30;159.20;38.80;70.00;235.20;69.90;53.10;26.90;42.10;162.90;72.50;27.10;70.80;66.80;112.80;76.00;62.00;174.00;145.10;39.20;121.00;59.10;104.20;46.60;190.00;53.40;90.50;210.80;88.30;19.20
30/11/2004;0.80;16.70;1.90;76.70;58.40;0.90;69.10;59.00;6.10;33.20;1.90;4.00;8.00;0.80;4.90;0.30;4.90;21.10;16.10;17.10;14.50;1.30;46.20;7.70;61.20;19.10;136.30;15.00;3.70;81.40;24.90;2.50
31/12/2004;0.10;80.70;5.50;19.30;1.50;1.70;48.00;21.60;0.90;2.10;7.50;1.60;3.70;10.60;1.60;8.40;0.10;0.10;3.50;14.60;18.00;3.40;16.00;7.20;12.60;9.70;122.50;10.90;0.00;58.50;9.00;1.90
31/01/2005;0.00;49.60;2.70;3.90;25.50;23.00;8.50;47.10;5.90;16.80;7.50;18.00;15.60;6.10;9.40;11.90;1.60;3.10;18.10;17.90;13.60;4.80;16.80;10.50;16.60;63.90;32.40;14.40;1.00;38.50;3.00;1.60
28/02/2005;46.70;90.30;0.20;3.50;38.70;10.40;19.70;50.70;4.50;20.50;12.80;0.30;14.50;16.70;3.40;10.40;0.10;48.20;83.70;17.40;20.80;5.50;19.10;38.80;78.90;29.00;48.10;58.40;4.30;48.90;6.10;46.20
31/03/2005;6.60;21.80;0.00;7.90;20.10;3.10;33.80;5.20;3.90;2.20;21.00;2.80;11.30;3.40;4.50;20.50;5.30;2.40;30.60;11.20;22.20;15.20;12.70;21.00;4.20;2.50;30.60;28.70;8.00;28.60;40.80;3.20
30/04/2005;0.00;4.70;0.00;55.00;2.30;0.00;47.40;0.30;21.90;0.30;3.90;1.40;9.30;0.00;8.90;1.00;6.30;0.10;12.80;8.10;28.60;5.50;18.70;1.80;0.00;1.10;19.70;6.70;51.10;14.80;26.90;0.00
31/05/2005;6.50;1.10;0.00;81.80;57.80;0.20;158.40;35.30;23.10;3.80;3.70;14.60;44.40;2.10;16.30;5.60;14.70;0.00;78.90;86.90;65.20;6.00;121.30;66.00;1.00;5.00;80.10;63.70;57.10;79.40;112.10;6.40
30/06/2005;35.50;0.20;0.00;405.50;7.40;55.50;413.40;11.70;90.50;4.70;23.40;167.90;58.40;48.20;58.20;67.90;76.60;28.10;4.50;271.70;168.60;11.80;223.70;64.00;0.80;2.60;412.70;33.40;48.80;316.40;222.10;21.80
31/07/2005;158.70;1.60;11.90;222.50;108.10;179.30;350.80;108.80;158.80;145.10;170.70;295.00;102.90;245.20;145.50;208.70;228.30;342.40;329.90;336.80;193.50;134.50;127.70;221.20;164.00;71.70;249.10;271.70;165.80;242.20;134.40;120.80
31/08/2005;166.70;5.80;88.00;271.30;53.90;200.60;338.90;107.90;175.40;108.30;187.80;260.80;137.80;182.30;149.80;204.20;210.60;423.00;31.90;369.30;306.90;137.20;103.50;87.60;144.70;86.30;261.20;38.60;161.70;300.80;134.10;138.00
30/09/2005;73.80;1.00;44.40;303.60;13.20;192.80;362.70;41.50;64.10;38.60;50.80;219.80;72.60;105.70;71.60;98.30;111.40;210.50;67.50;239.00;129.70;50.90;113.10;115.70;73.40;24.50;383.40;70.80;46.30;243.40;149.90;38.00
31/10/2005;14.00;7.60;37.40;319.90;140.80;59.70;315.00;42.90;90.00;30.50;27.90;126.70;209.60;50.10;72.40;56.70;56.80;157.40;235.80;219.80;257.90;60.60;649.20;163.10;44.40;9.90;160.90;118.20;124.30;365.20;201.20;32.80
30/11/2005;0.10;0.30;4.80;81.40;2.40;0.70;56.80;2.00;6.20;2.50;0.40;0.60;12.70;3.30;8.00;3.10;2.30;0.10;16.10;27.70;33.00;2.40;35.90;10.50;6.70;0.40;158.80;13.90;6.00;103.50;44.90;1.60
31/12/2005;0.70;0.60;0.50;34.10;0.90;0.80;85.30;9.10;1.00;0.50;0.10;0.20;5.80;0.90;1.10;0.90;0.20;0.20;9.40;12.50;13.90;0.60;14.80;8.20;0.90;1.80;199.00;20.30;3.00;48.40;32.00;4.10
31/01/2006;4.80;2.80;20.20;31.00;8.10;3.90;78.40;1.70;2.20;13.30;23.80;0.30;12.30;2.30;3.10;15.60;0.00;0.50;2.10;40.00;29.80;17.30;53.00;14.30;1.70;0.50;215.20;2.40;1.90;59.00;50.10;17.00
28/02/2006;0.50;16.40;40.80;7.40;0.80;0.00;47.30;1.20;1.20;0.00;0.10;0.00;2.50;0.00;1.60;0.10;0.00;0.00;8.60;5.00;35.00;0.30;31.00;3.60;0.00;1.70;102.40;2.60;0.00;31.10;1.20;0.30
31/03/2006;0.10;48.00;0.10;8.40;2.80;0.00;32.20;7.40;11.80;0.70;3.50;0.60;21.40;0.40;6.80;2.90;0.70;0.00;14.90;4.90;28.00;7.90;20.60;18.00;1.30;2.40;79.00;23.10;29.00;23.00;39.60;0.20
30/04/2006;0.70;20.50;0.40;5.90;16.60;0.00;49.20;0.50;27.60;1.30;12.70;3.00;26.60;3.30;24.60;6.40;7.80;0.00;21.70;15.50;27.50;17.10;6.20;23.30;0.00;0.00;17.10;14.50;45.40;25.10;0.60;1.60
31/05/2006;39.90;11.40;0.70;112.90;24.80;12.00;229.70;12.70;75.70;20.00;92.80;54.30;79.00;19.70;76.10;70.60;46.00;0.40;59.10;88.00;119.90;105.40;82.50;69.10;1.30;0.10;161.30;58.50;146.20;82.90;103.80;21.20
30/06/2006;50.00;0.00;0.00;303.80;25.40;97.70;447.00;83.60;105.60;94.00;71.10;273.50;29.30;146.60;67.30;114.80;141.50;73.50;29.40;167.80;146.50;31.40;62.80;37.80;39.30;17.30;507.60;55.20;96.40;226.40;128.80;44.80
31/07/2006;147.10;1.50;8.50;198.90;31.60;247.50;356.70;140.10;168.60;103.80;124.80;290.10;80.60;187.00;137.90;157.40;183.90;296.00;83.40;291.80;191.40;87.30;157.50;100.20;199.60;106.20;252.30;93.30;129.80;325.90;118.60;109.10
31/08/2006;158.30;0.00;18.00;300.20;75.70;204.20;285.10;190.00;215.70;169.10;222.20;239.70;137.80;257.40;170.40;206.10;210.40;292.90;52.00;221.90;203.70;166.30;178.00;107.10;249.10;111.30;260.80;45.00;178.40;211.30;135.40;81.00
30/09/2006;129.70;1.30;35.50;171.00;82.80;351.60;339.40;106.30;153.60;123.10;113.10;246.10;169.00;163.20;124.60;160.10;197.20;276.60;217.50;226.90;213.90;86.40;88.00;143.70;152.50;77.10;307.70;195.90;117.70;241.00;107.60;95.80
31/10/2006;85.50;0.70;6.60;231.30;23.20;164.60;323.50;34.60;77.40;36.50;91.00;148.00;79.60;93.00;74.10;133.90;82.50;54.20;55.50;107.20;109.00;51.60;157.90;104.20;74.80;33.50;404.00;105.60;83.70;188.60;81.50;59.40
30/11/2006;22.30;1.70;0.00;91.30;1.70;20.30;94.40;0.00;38.70;0.20;15.20;38.80;37.60;8.90;31.90;18.00;17.00;0.40;30.80;69.40;83.30;15.20;153.40;59.20;0.00;1.10;149.80;21.30;46.10;136.30;64.90;8.80
31/12/2006;16.20;6.20;0.10;71.40;27.20;1.00;71.30;28.90;4.30;19.90;9.60;0.30;19.40;9.70;0.70;4.10;0.20;7.50;39.30;31.80;33.80;4.00;141.00;39.50;12.20;7.70;219.00;52.80;1.40;103.60;59.10;16.20
31/01/2007;17.20;12.80;6.10;76.30;47.10;14.10;104.00;58.40;5.20;10.30;11.50;1.00;9.40;17.50;5.00;11.50;2.60;21.00;28.10;9.00;18.90;1.60;64.40;15.30;22.50;26.60;363.90;38.30;9.60;53.80;28.40;19.00
28/02/2007;16.20;28.60;0.60;88.30;1.20;0.30;31.60;0.20;21.90;0.00;22.80;0.90;48.80;7.90;13.30;12.40;2.40;1.40;16.00;26.60;44.40;20.50;102.80;61.90;0.30;0.20;127.30;37.10;18.10;73.90;73.90;3.40
31/03/2007;0.00;3.40;0.00;9.60;28.90;0.00;33.40;3.40;18.90;0.00;2.40;0.20;20.10;0.10;17.00;3.80;1.50;0.00;7.60;8.10;21.90;7.20;24.10;16.10;0.10;5.00;55.80;21.90;6.90;18.50;26.20;0.20
30/04/2007;1.30;5.60;0.00;16.90;21.80;0.00;58.50;0.50;22.80;0.20;8.80;16.40;33.50;1.90;28.50;7.40;5.30;0.00;43.90;29.40;49.60;39.90;13.70;50.60;0.00;0.30;31.30;32.20;38.70;41.70;12.20;2.20
31/05/2007;9.30;0.60;0.00;23.90;97.70;0.00;148.00;11.80;58.50;2.80;22.40;41.90;44.80;2.60;55.70;19.60;37.50;0.10;130.30;52.30;75.00;25.80;117.00;70.30;0.00;0.50;29.00;71.00;76.90;40.30;88.00;3.10
30/06/2007;247.50;0.00;0.00;112.90;85.50;69.90;256.60;47.30;98.80;107.50;180.90;132.60;94.10;191.90;125.00;136.00;190.20;121.30;103.30;125.00;130.80;127.80;94.80;163.10;39.20;12.40;87.50;135.90;112.10;105.50;76.70;175.70
31/07/2007;161.70;0.00;82.20;119.70;132.40;273.70;279.30;117.20;191.00;138.50;258.20;242.40;127.50;242.50;206.80;188.50;188.30;296.30;114.60;267.60;190.50;187.40;39.10;182.30;146.80;103.80;105.50;236.20;135.30;131.60;102.30;102.30
31/08/2007;57.60;0.00;49.40;325.10;25.90;329.80;459.10;120.50;196.90;67.60;137.60;416.30;241.10;171.50;184.30;235.10;175.50;370.10;122.10;306.10;365.20;100.90;198.90;336.90;192.50;88.90;469.20;219.30;139.90;346.10;208.90;60.10
30/09/2007;56.60;1.50;122.30;221.50;60.00;203.80;368.30;75.00;193.70;83.80;120.90;194.90;137.70;153.50;163.90;151.50;119.80;192.50;105.20;190.00;310.40;86.50;107.00;233.10;171.30;157.00;313.70;149.30;102.70;304.20;211.00;55.50
31/10/2007;11.50;0.20;48.00;276.40;4.20;121.70;503.20;14.00;50.90;12.70;21.00;140.30;94.40;37.00;65.90;40.80;48.90;48.90;15.80;115.30;131.50;29.90;189.50;66.70;16.00;1.10;802.50;35.10;23.80;226.20;136.80;12.10
30/11/2007;2.90;31.20;0.00;26.90;16.80;3.20;41.40;15.60;6.60;4.00;10.00;2.00;30.30;6.90;8.80;9.00;0.90;3.40;10.80;17.50;46.40;10.70;99.30;22.10;18.20;28.20;109.00;22.80;7.60;105.90;20.40;5.30
31/12/2007;0.40;21.60;1.40;9.60;0.80;12.60;19.20;32.60;1.30;2.20;2.20;4.30;9.50;3.20;2.10;8.40;0.70;0.00;0.80;8.30;25.50;1.00;42.70;4.30;31.70;20.50;59.40;3.30;5.60;54.90;6.60;1.20
31/01/2008;0.00;64.10;12.70;25.20;5.60;0.00;69.90;20.20;0.10;0.30;0.60;0.00;13.30;0.00;0.20;0.20;0.00;0.00;29.40;28.20;35.80;0.00;62.50;10.70;0.30;11.00;259.70;22.00;0.40;50.20;29.90;0.00
29/02/2008;3.10;35.30;0.00;66.30;0.10;0.00;50.60;1.40;2.90;1.20;2.50;0.00;5.50;0.80;1.10;0.80;0.40;0.00;5.20;5.10;17.90;6.30;28.00;10.80;1.00;3.50;115.80;22.90;4.70;31.60;87.10;4.00
31/03/2008;0.00;0.80;0.80;28.70;6.50;0.00;33.30;2.60;3.10;0.10;0.20;0.10;15.90;0.10;1.90;0.00;0.00;0.40;7.50;8.00;12.70;1.40;46.10;5.70;1.60;0.40;63.90;3.30;3.20;17.90;45.90;0.70
30/04/2008;13.20;0.00;0.00;54.80;15.50;0.00;90.80;0.30;39.40;2.10;3.80;11.20;41.60;5.00;32.10;11.20;13.90;0.00;30.90;23.20;82.00;3.40;17.40;32.20;0.00;0.00;146.30;50.60;30.60;48.20;24.00;7.10
31/05/2008;19.60;0.70;0.00;126.50;70.80;1.40;203.20;11.50;42.60;9.00;19.70;15.40;52.60;7.30;25.90;11.70;40.70;0.10;53.60;70.30;63.60;23.30;91.90;55.00;0.10;0.80;150.20;50.20;54.00;72.80;44.30;10.60
30/06/2008;72.20;0.00;0.00;279.20;20.30;88.40;431.30;30.70;152.80;35.30;140.30;208.20;120.50;186.60;154.10;150.70;259.70;151.00;15.90;415.80;312.80;96.30;193.70;197.00;16.40;21.30;308.40;96.40;168.20;308.20;208.10;66.90
31/07/2008;201.00;1.90;5.10;104.00;74.70;342.50;390.00;179.60;164.00;166.00;247.10;296.50;168.40;244.50;158.70;242.90;251.50;486.40;147.30;393.20;266.20;187.30;123.10;380.20;236.20;123.50;204.20;347.00;177.90;249.70;110.50;162.40
31/08/2008;262.70;12.60;8.80;194.30;208.30;164.50;315.80;163.40;184.70;232.20;208.40;295.70;112.70;212.10;171.90;211.60;221.10;479.40;177.50;243.60;163.30;213.80;44.90;226.70;258.50;161.00;221.70;184.10;116.70;125.00;67.40;199.90
30/09/2008;78.50;0.10;98.90;426.70;45.30;255.00;486.00;103.90;113.60;161.80;101.10;251.30;169.20;168.50;99.40;152.30;201.40;326.20;281.10;353.20;264.60;106.50;128.40;307.70;190.30;107.30;649.40;199.60;110.40;387.10;199.10;117.30
31/10/2008;6.40;0.20;4.90;234.00;8.90;81.10;224.20;33.90;37.70;34.20;8.60;190.20;88.80;43.40;34.30;43.10;34.00;105.20;66.50;132.40;138.40;3.40;431.40;133.90;33.30;14.20;317.50;47.70;12.70;203.80;67.60;11.10
30/11/2008;0.00;33.60;23.60;4.90;0.40;0.20;25.80;1.90;0.00;0.10;0.00;3.80;11.90;0.50;0.00;0.00;0.00;1.80;6.20;20.40;24.90;0.00;10.20;12.80;0.20;12.70;54.30;20.80;0.00;53.80;2.90;0.30
31/12/2008;0.20;111.90;12.00;15.40;2.60;0.00;34.00;0.70;0.00;0.30;0.50;0.00;3.10;0.00;0.00;0.20;0.00;0.10;3.00;16.90;13.70;0.00;32.30;2.60;0.00;2.10;125.90;2.40;1.00;25.60;12.50;0.10
31/01/2009;0.80;3.00;0.60;31.90;1.70;2.00;47.00;8.20;13.20;2.30;2.60;0.60;21.00;4.20;10.00;6.60;2.80;0.00;13.50;19.00;23.50;10.70;66.40;12.30;2.50;7.80;152.20;6.60;5.70;38.50;21.90;1.70
28/02/2009;0.00;56.10;0.70;14.60;1.50;0.00;18.50;0.70;6.80;0.30;0.10;3.30;19.70;0.00;5.20;1.10;4.20;0.00;12.30;29.30;58.80;0.80;26.60;16.30;0.00;6.10;48.30;15.20;0.60;49.00;7.70;0.20
31/03/2009;0.80;0.40;0.00;13.50;17.70;0.00;29.00;9.90;8.60;2.40;3.80;0.10;8.60;1.00;9.80;2.60;2.40;0.00;7.90;2.90;12.80;4.20;22.30;16.40;1.00;4.80;44.00;6.60;12.90;9.30;13.30;1.30
30/04/2009;1.10;6.00;0.00;16.90;18.60;0.00;27.00;0.10;5.90;1.80;4.30;2.10;5.30;1.30;3.60;1.90;4.10;0.00;16.50;15.70;29.80;1.20;12.00;4.70;0.00;0.20;72.80;5.10;1.40;28.90;6.30;2.70
31/05/2009;13.90;0.70;0.10;28.20;55.30;8.20;168.10;33.10;41.70;31.30;42.20;60.10;74.60;40.00;57.30;56.60;87.80;15.50;43.90;72.20;91.70;40.70;86.50;65.90;11.60;11.10;97.00;92.90;72.20;63.30;32.80;27.20
30/06/2009;86.00;1.10;0.90;173.10;34.90;125.60;369.00;69.60;86.30;76.50;137.30;240.90;79.70;129.40;108.60;134.30;190.00;249.70;21.50;241.80;168.80;88.30;172.20;90.40;72.30;40.80;176.80;54.50;124.90;160.20;111.10;86.90
31/07/2009;47.80;0.00;4.10;163.60;20.80;154.80;214.50;106.10;103.60;88.70;90.10;158.10;46.80;147.40;98.60;153.20;105.90;251.10;32.20;201.80;153.00;59.40;65.30;55.80;153.10;108.00;114.50;22.40;68.50;165.50;84.60;71.40
31/08/2009;95.50;1.00;36.80;252.50;22.60;182.90;333.70;95.00;143.00;121.40;78.90;166.70;97.30;142.80;123.00;133.60;202.60;296.00;37.50;210.20;164.30;77.40;81.20;132.90;165.50;95.70;248.20;54.20;88.60;217.00;124.60;101.70
30/09/2009;98.10;0.40;100.00;190.60;91.30;159.60;300.00;57.20;227.80;123.90;197.30;214.30;247.30;155.20;216.10;207.30;323.80;215.30;167.10;264.60;349.90;125.80;117.80;305.70;84.50;70.80;251.00;211.90;214.00;358.20;115.40;112.60
31/10/2009;51.10;0.70;71.10;64.60;26.50;213.40;245.90;66.50;72.10;54.60;53.50;137.80;145.30;66.30;87.70;61.70;102.10;131.60;61.90;160.40;132.60;63.00;152.40;152.20;148.20;85.80;158.70;44.90;66.80;193.10;39.90;38.20
30/11/2009;13.50;12.40;0.30;137.30;21.20;0.00;142.00;12.10;0.70;4.60;0.40;6.30;18.40;6.90;1.70;0.30;2.60;47.20;48.10;16.40;30.80;2.00;243.30;30.90;9.40;5.90;255.50;45.60;4.90;107.20;132.30;25.60
31/12/2009;6.30;33.60;11.00;46.70;18.70;13.90;58.40;10.40;3.40;11.60;12.70;0.80;26.40;9.20;4.10;6.40;3.30;74.80;20.70;33.40;20.30;16.50;54.80;67.50;14.50;7.90;111.50;67.70;6.90;80.10;46.40;18.10
31/01/2010;32.70;79.60;6.40;51.30;37.60;26.70;45.10;32.80;25.80;10.50;53.10;36.40;61.70;29.00;35.10;43.10;27.00;19.60;29.10;19.40;59.80;39.50;76.80;52.50;15.90;59.80;163.60;23.90;43.80;80.40;26.40;24.10
28/02/2010;109.00;57.00;17.20;10.30;31.40;191.70;17.80;21.10;57.30;38.70;151.60;113.90;85.10;122.30;124.30;179.10;100.90;124.20;36.50;28.40;61.10;139.90;35.50;90.70;47.00;31.30;52.60;71.90;67.70;59.50;14.30;87.40
31/03/2010;0.00;23.00;1.90;3.60;6.80;0.00;14.80;1.40;1.60;7.40;0.60;0.00;5.30;0.00;0.40;0.20;0.40;0.30;14.30;17.70;15.40;0.90;10.90;4.40;1.90;6.40;35.20;6.00;3.20;19.70;11.40;0.40
30/04/2010;0.60;30.30;0.00;29.10;80.20;0.00;70.40;13.00;14.90;3.80;5.50;0.00;59.00;0.80;12.30;1.70;9.60;0.10;162.40;45.70;55.10;22.10;221.90;94.60;1.10;6.20;37.20;111.90;58.50;89.00;53.80;1.60
31/05/2010;5.30;0.00;0.00;107.40;83.00;0.10;186.40;4.10;27.30;7.80;6.50;7.40;32.70;5.00;22.80;10.30;7.10;0.20;49.90;25.00;37.20;11.00;187.90;49.30;0.60;0.00;73.00;76.30;35.60;23.70;96.60;2.70
30/06/2010;56.40;0.00;0.00;327.70;74.10;83.20;507.50;36.90;94.30;59.40;79.50;201.70;48.80;125.40;89.70;131.40;182.80;54.00;209.60;241.10;117.10;86.20;120.90;85.40;3.10;5.10;319.80;131.60;80.30;131.90;180.00;36.60
31/07/2010;138.70;0.40;0.80;266.00;177.80;238.70;395.10;180.10;203.30;199.00;243.00;318.40;337.90;282.80;243.70;330.10;304.70;471.20;352.70;371.30;354.40;204.40;292.10;563.60;154.00;130.70;310.10;327.70;237.30;432.20;228.70;160.00
31/08/2010;70.60;2.90;6.70;279.20;16.30;356.20;756.70;76.30;174.50;75.60;125.80;518.20;100.90;216.90;161.50;232.70;316.00;507.40;45.50;679.30;279.20;79.40;130.20;107.10;191.70;117.90;664.80;44.50;164.60;395.60;219.00;79.60
30/09/2010;77.60;3.90;73.70;237.50;81.90;301.10;559.50;100.20;93.70;154.00;131.30;310.00;174.20;156.90;114.30;152.70;249.30;462.50;322.20;460.50;273.60;130.70;217.90;284.90;175.50;80.00;551.70;207.30;125.30;397.20;182.50;115.50
31/10/2010;2.20;29.70;2.10;56.00;2.00;3.10;58.40;3.70;3.70;2.90;0.70;9.00;20.40;1.20;3.80;2.90;1.80;10.30;8.40;18.30;62.50;2.90;63.80;22.60;5.50;10.70;91.60;9.90;7.80;87.00;39.80;1.10
30/11/2010;0.00;8.90;0.00;48.00;0.90;0.00;89.90;0.20;1.40;0.00;0.00;6.00;9.20;0.00;1.80;2.10;7.30;0.00;0.00;26.90;43.00;0.00;130.70;2.40;0.00;0.00;207.60;0.10;5.00;47.50;16.80;0.00
31/12/2010;0.00;61.70;0.50;9.10;0.00;0.00;28.70;0.20;0.10;0.20;0.10;0.00;3.50;0.00;0.00;0.00;0.00;0.00;0.60;6.50;6.70;0.10;15.20;2.50;0.10;4.90;54.70;0.10;0.00;27.40;2.30;0.00
31/01/2011;0.50;5.00;0.10;65.80;7.60;0.00;46.00;2.90;0.10;0.90;1.90;0.00;13.50;0.60;0.70;0.60;0.00;0.70;23.80;35.60;15.80;0.10;40.10;16.00;0.10;0.70;159.10;33.70;0.00;76.40;48.00;0.10
28/02/2011;0.00;75.20;0.40;10.00;0.50;0.00;37.10;0.30;0.70;0.00;0.00;0.00;4.50;0.00;0.30;0.00;0.00;0.00;0.00;6.30;7.40;0.10;91.20;2.80;0.00;1.70;120.90;0.30;0.00;18.50;34.40;0.40
31/03/2011;0.00;29.90;0.60;16.40;2.50;0.00;84.30;0.00;8.10;0.00;0.10;0.70;6.40;0.20;2.20;1.10;1.80;0.00;12.10;3.80;26.60;8.40;100.90;14.30;0.00;0.10;106.90;7.70;7.00;21.80;24.60;0.10
30/04/2011;0.40;10.50;0.40;17.10;4.70;0.10;74.20;0.00;39.80;0.20;7.40;9.60;36.60;2.70;20.80;5.90;8.10;0.00;4.30;16.60;39.10;3.70;3.20;5.00;0.10;1.60;25.90;0.30;32.00;14.60;4.80;0.10
31/05/2011;0.50;7.10;0.50;35.10;9.30;3.70;149.50;1.10;28.00;0.70;4.60;33.90;11.10;5.00;24.70;13.60;50.00;0.00;13.20;30.90;71.30;7.50;14.90;34.60;0.00;0.10;93.90;20.10;61.20;35.00;10.10;10.80
30/06/2011;48.10;0.00;0.00;201.90;19.00;174.80;300.60;11.60;129.80;3.10;72.00;278.70;245.70;97.80;131.90;125.40;190.20;91.20;85.10;248.30;225.80;131.80;277.40;276.70;3.80;7.00;155.00;234.60;134.10;206.70;223.70;28.60
31/07/2011;32.40;9.70;6.80;187.90;32.70;392.80;458.50;101.00;230.50;106.80;89.30;312.20;199.80;203.80;221.00;270.60;222.50;390.70;79.10;453.10;290.50;62.30;180.10;372.00;250.90;117.00;478.50;119.20;172.60;374.20;163.80;73.40
31/08/2011;58.60;2.70;16.50;194.80;25.20;215.00;433.70;76.40;158.90;66.50;78.90;298.50;58.70;137.40;116.90;145.10;265.20;436.40;29.90;292.50;261.10;74.50;112.90;64.70;222.60;103.60;242.50;49.40;152.00;247.00;119.70;79.40
30/09/2011;90.60;3.50;21.20;191.20;19.50;197.70;422.30;23.90;101.90;57.50;87.30;158.00;72.90;76.40;63.50;76.90;136.10;181.30;36.80;186.50;167.90;56.70;125.50;61.70;64.50;38.50;445.50;65.90;86.20;264.40;189.80;95.40
31/10/2011;25.60;4.20;1.60;177.20;25.60;382.00;273.70;9.20;62.00;4.90;36.70;100.00;19.60;78.20;59.10;43.90;80.10;28.40;55.90;64.60;85.90;24.40;382.50;39.80;6.80;3.50;401.50;33.10;60.90;149.00;100.70;25.00
30/11/2011;1.10;39.20;18.80;56.20;12.70;0.00;58.80;22.00;21.90;4.60;0.30;2.50;32.20;0.20;16.20;6.20;13.10;0.50;6.50;29.80;59.80;2.80;93.80;24.40;40.80;61.70;162.40;17.80;15.00;102.40;36.40;1.00
31/12/2011;0.00;19.80;2.50;27.30;16.70;0.00;42.90;12.10;0.90;0.40;0.20;0.30;4.10;0.00;0.30;0.50;0.50;0.00;24.10;20.60;28.80;0.00;53.80;10.30;5.70;24.60;104.40;21.20;2.30;43.50;16.80;0.20
31/01/2012;11.10;4.00;0.00;24.00;7.20;0.00;53.30;2.50;6.90;2.40;6.40;2.30;12.10;0.60;3.60;1.90;3.10;0.50;4.90;52.40;44.70;6.70;54.80;20.10;0.60;2.90;215.90;22.90;4.20;87.40;65.80;6.20
29/02/2012;51.90;27.50;9.40;22.70;19.30;76.10;38.60;7.40;28.20;9.60;59.50;6.10;49.60;63.70;33.60;59.50;20.10;30.30;71.00;21.80;57.50;53.80;58.10;48.30;5.70;8.50;149.00;79.90;30.50;47.30;15.60;36.20
31/03/2012;1.10;37.60;1.40;29.80;24.30;0.00;58.20;3.60;26.50;0.40;7.10;2.50;22.90;1.40;14.40;10.60;3.40;0.00;24.00;22.80;29.30;10.00;25.00;17.30;0.10;2.70;35.20;18.90;27.70;25.90;6.70;1.10
30/04/2012;0.00;17.60;0.20;28.20;19.20;0.10;57.80;6.50;15.10;4.30;1.70;4.90;23.20;0.10;9.00;0.90;6.40;0.20;23.40;44.00;42.10;4.90;97.10;63.20;0.20;0.50;52.20;51.40;22.40;59.80;112.40;1.80
31/05/2012;5.40;0.00;0.00;106.40;23.80;39.30;181.10;5.40;16.30;7.80;12.40;38.40;28.60;9.20;20.10;20.30;50.60;3.00;48.50;56.70;60.50;20.40;202.60;59.70;0.30;1.20;152.90;46.40;32.50;91.80;71.00;9.10
30/06/2012;60.00;0.10;0.00;268.80;13.50;255.20;264.00;12.20;96.00;17.10;85.80;217.10;87.70;123.80;130.10;142.60;159.30;208.10;59.40;349.20;231.10;110.50;215.80;143.10;57.50;20.20;270.00;123.60;202.30;228.00;168.80;38.10
31/07/2012;144.50;4.30;2.30;176.20;47.70;118.70;211.80;133.70;160.50;134.50;190.50;150.90;116.30;202.20;180.70;186.00;225.40;253.80;25.20;140.00;273.70;138.00;108.10;157.20;181.40;122.70;171.80;73.10;197.10;205.60;110.70;126.70
31/08/2012;89.40;7.80;104.50;199.70;39.10;204.90;418.10;120.70;108.40;97.00;99.70;243.90;195.40;158.70;130.90;192.40;207.50;325.50;83.30;315.40;333.30;113.80;202.80;195.00;239.10;117.90;385.10;86.00;174.60;406.80;122.30;111.20
30/09/2012;64.60;11.10;107.50;174.60;82.80;169.30;321.30;104.10;83.40;87.00;86.20;185.40;74.00;69.10;78.20;81.00;128.90;194.00;105.40;219.50;201.70;94.40;105.20;176.50;122.70;72.20;293.20;142.80;111.70;258.10;141.40;79.50
31/10/2012;6.40;1.90;65.80;81.00;20.30;66.70;194.40;33.40;14.90;26.00;5.70;98.80;12.80;22.00;14.80;25.40;31.10;37.70;41.60;93.80;63.20;7.00;179.10;37.20;44.40;4.20;203.10;34.00;36.20;164.70;100.60;9.90
30/11/2012;4.20;5.60;1.70;4.40;22.90;36.10;29.00;20.60;12.70;9.40;14.90;10.70;26.10;6.10;12.50;28.40;4.40;2.30;73.60;30.30;42.20;27.90;43.90;53.90;5.20;1.70;18.60;45.20;6.60;89.20;17.50;5.40
31/12/2012;9.10;32.80;13.10;25.40;3.50;24.20;57.70;21.40;0.00;10.70;3.40;0.50;3.70;12.20;0.60;5.80;0.20;4.70;2.10;14.10;11.20;2.50;45.60;2.90;40.00;27.40;122.80;3.10;3.30;31.30;15.40;5.60
31/01/2013;51.60;28.90;8.60;113.70;15.40;98.00;59.00;18.50;2.20;4.60;11.40;7.00;7.70;46.00;4.10;17.70;0.80;18.70;28.00;11.40;8.30;4.90;51.30;22.50;4.00;19.10;185.90;30.90;4.10;28.70;56.70;27.00
28/02/2013;0.00;12.20;0.50;15.70;1.80;0.00;16.90;1.90;1.40;0.10;0.20;0.10;8.50;0.10;0.90;0.10;0.30;0.50;2.50;11.90;11.70;3.80;40.70;4.80;0.10;5.10;34.30;3.20;7.50;29.30;12.80;0.40
31/03/2013;0.40;6.30;0.80;7.00;1.80;6.60;15.70;1.10;2.30;0.10;2.40;7.50;8.70;2.20;7.70;10.30;8.90;0.50;6.50;12.10;16.30;5.90;39.10;10.00;0.20;2.20;48.70;9.60;8.00;30.80;10.70;0.80
30/04/2013;0.20;0.40;0.10;19.50;12.30;0.10;29.60;0.50;15.60;0.30;1.00;7.10;9.80;0.10;11.90;0.90;6.50;1.00;27.20;13.60;20.50;7.40;18.60;2.70;0.20;1.00;37.10;28.20;16.30;19.10;37.00;0.80
31/05/2013;18.90;3.40;1.20;119.70;44.10;2.80;214.60;7.60;52.80;4.70;27.00;69.60;53.20;18.40;56.90;24.80;144.50;5.10;76.00;73.90;92.50;41.20;77.90;42.80;1.20;0.90;141.30;55.20;69.10;120.30;72.50;14.20
30/06/2013;75.40;3.80;4.10;248.80;52.40;124.20;339.30;52.10;107.10;29.70;94.60;195.70;100.00;114.40;124.20;122.90;262.50;151.40;47.50;187.90;204.50;89.20;254.70;87.50;35.70;9.70;266.10;100.80;117.70;254.60;216.90;54.60
31/07/2013;205.70;30.60;18.30;215.10;76.50;239.10;248.40;204.90;113.80;147.40;214.80;154.40;100.50;223.60;161.10;234.60;254.00;216.70;72.10;133.50;203.20;159.30;208.70;102.10;169.40;148.30;230.10;94.40;161.00;158.70;154.70;158.50
31/08/2013;80.10;31.60;65.80;259.00;28.00;300.00;309.90;99.10;130.30;89.40;107.10;156.30;116.70;153.90;133.00;160.90;256.30;289.90;51.30;204.20;227.90;116.60;220.70;134.80;197.20;97.30;297.50;132.90;96.20;265.20;205.60;79.60
30/09/2013;154.30;33.50;54.10;215.60;121.20;731.10;394.90;103.00;169.70;138.50;185.90;535.50;218.90;304.80;221.90;359.40;393.90;324.20;291.30;409.40;349.10;203.00;377.40;260.90;298.60;81.00;276.30;402.80;202.80;408.60;270.10;144.50
31/10/2013;45.30;13.40;56.30;171.50;40.10;124.60;299.50;33.90;64.30;19.30;47.30;103.20;79.40;60.20;71.70;74.10;114.50;32.90;29.70;98.10;125.20;64.30;235.80;61.50;16.10;25.10;378.40;43.20;81.30;225.60;177.10;48.90
30/11/2013;35.20;17.40;12.80;189.00;33.10;176.50;193.20;45.90;36.10;59.90;32.50;29.90;66.70;60.00;42.10;37.60;70.40;91.40;50.00;61.80;104.90;55.40;246.00;75.00;91.10;28.60;455.80;88.60;42.40;234.70;135.60;37.60
31/12/2013;89.30;12.30;6.30;123.10;17.00;74.10;157.80;49.60;2.50;22.90;37.90;4.40;26.80;79.00;7.60;32.10;2.10;77.30;74.50;19.90;26.00;29.30;127.60;70.90;32.90;28.40;460.50;100.90;17.40;77.00;69.10;64.10
31/01/2014;58.00;3.60;2.30;83.30;4.60;3.80;67.30;1.20;0.40;5.30;4.40;1.80;9.60;6.30;3.10;4.50;0.30;9.20;7.00;7.80;11.20;6.20;112.10;17.50;1.40;0.50;177.70;10.80;3.50;33.40;92.30;10.40
28/02/2014;0.30;14.30;0.50;27.70;2.30;0.10;19.60;0.60;1.40;"0.6
";0.30;0.20;4.60;0.00;2.90;0.60;0.10;0.20;8.10;4.30;5.80;1.60;34.90;4.20;0.20;0.70;38.80;10.80;1.20;10.70;31.00;0.40
31/03/2014;2.20;9.60;1.80;24.30;7.90;0.20;37.90;11.00;10.90;"4.9
";4.30;1.00;19.90;1.30;6.10;1.40;2.30;1.10;24.90;10.60;33.70;11.30;41.00;22.60;7.00;10.10;70.50;43.00;19.10;35.50;10.50;4.00
30/04/2014;0.40;3.30;0.10;45.40;5.60;1.00;93.60;1.20;21.80;"0.3
";9.20;6.90;24.00;16.00;17.90;5.00;31.20;1.30;12.20;17.40;35.40;17.20;39.90;16.50;0.20;0.50;133.40;15.60;20.10;25.40;19.00;2.00
31/05/2014;56.00;1.80;1.50;165.60;40.40;108.70;262.30;1.80;60.00;7.00;75.80;134.10;77.70;58.90;111.20;94.70;194.50;18.80;71.10;113.70;161.20;71.70;209.90;67.20;2.40;1.00;2.00;101.30;119.80;126.50;175.10;32.90
30/06/2014;119.60;0.70;8.40;209.80;58.20;438.70;348.20;41.20;96.40;77.10;158.80;216.50;151.00;226.60;183.50;203.80;451.40;263.90;68.00;258.90;308.00;202.00;97.70;141.90;104.60;8.60;264.60;108.50;211.30;255.70;83.60;105.50
31/07/2014;103.70;3.20;64.00;131.10;44.40;242.60;150.00;116.20;99.00;"101.2
";127.90;104.50;85.20;157.30;142.50;139.70;196.10;170.90;48.20;103.30;147.80;114.50;73.10;138.50;235.10;138.50;178.20;79.90;125.10;155.60;111.30;83.50
31/08/2014;92.00;9.40;68.50;206.50;61.00;286.10;225.50;136.40;108.20;111.50;109.10;244.40;70.90;189.20;134.10;159.50;261.20;348.40;55.40;159.90;144.10;96.50;127.20;71.40;241.00;146.40;193.00;56.40;113.90;148.60;177.00;95.50
30/09/2014;93.30;2.90;164.50;231.10;99.40;437.60;461.70;132.30;98.30;112.10;106.70;281.40;164.90;183.70;148.20;158.70;407.00;247.00;221.40;255.40;217.50;154.60;234.40;196.60;202.70;139.30;372.00;345.60;138.70;355.50;193.90;108.80
31/10/2014;33.50;6.90;17.80;189.20;23.90;154.40;291.50;9.10;92.60;18.70;65.70;191.30;107.90;87.90;104.10;84.70;193.90;138.00;69.30;209.90;171.40;77.20;271.70;81.00;25.80;14.30;411.10;97.40;101.30;270.10;203.60;42.40
30/11/2014;22.20;1.40;2.90;49.10;66.10;237.70;80.10;32.50;7.10;55.30;11.90;28.50;19.60;63.20;11.10;27.40;10.50;88.50;59.70;25.00;33.10;10.20;73.90;26.50;54.20;12.40;232.90;43.40;9.80;67.20;36.00;36.40
31/12/2014;5.70;27.90;2.40;27.00;10.10;10.40;18.50;6.60;19.60;2.60;4.90;13.40;19.50;5.50;20.00;5.10;29.30;5.80;38.10;19.40;34.30;10.30;42.70;24.40;1.80;8.40;47.60;42.40;21.20;53.20;14.80;12.70
31/01/2015;7.10;21.70;26.00;90.10;26.40;1.10;82.50;38.20;0.30;32.20;4.60;0.30;19.40;6.50;1.80;1.50;0.30;42.20;24.90;19.20;30.60;9.00;73.60;23.60;29.50;54.30;294.20;26.80;8.10;79.60;46.90;19.50
28/02/2015;32.70;14.60;16.80;32.10;28.70;129.10;31.00;29.50;2.90;"37.1
";12.10;3.00;15.90;42.20;11.40;17.90;3.00;82.90;33.20;5.20;10.90;14.90;41.00;21.20;33.30;18.50;79.00;19.40;4.30;20.90;43.50;48.00
31/03/2015;90.80;37.40;14.80;82.70;71.50;306.10;52.90;54.90;19.50;"74.6
";126.50;42.10;93.90;140.20;61.50;158.70;63.10;88.30;84.70;30.40;92.80;110.10;43.20;99.60;35.00;40.90;156.30;81.10;63.50;98.80;32.50;79.30
30/04/2015;8.40;6.30;8.20;26.00;34.10;0.70;80.60;20.40;8.30;12.80;16.70;2.60;43.60;7.30;15.90;7.50;10.10;2.90;80.90;32.10;45.60;28.30;18.40;37.30;13.10;17.70;86.20;74.50;30.40;50.40;11.10;12.80
31/05/2015;31.70;22.10;2.20;71.10;80.10;25.40;126.90;7.20;69.60;8.70;100.40;111.90;67.60;42.70;128.70;75.40;155.60;8.80;126.40;69.50;124.20;94.10;22.00;108.50;4.90;2.80;80.90;151.40;133.80;70.40;31.90;28.80
30/06/2015;202.80;17.90;38.80;157.80;74.20;172.60;206.90;83.40;74.10;103.80;143.60;142.00;85.10;183.20;128.10;132.40;262.10;145.10;89.70;173.20;164.60;128.90;270.50;129.50;81.20;75.80;237.00;127.00;141.40;152.00;137.50;167.50
31/07/2015;148.00;20.20;51.20;78.70;49.00;207.20;134.70;138.50;94.10;108.30;142.00;147.60;70.30;179.90;141.00;163.90;163.10;202.90;21.50;158.00;132.70;96.90;42.50;73.70;201.30;131.20;92.20;42.60;106.40;148.90;72.60;99.80
31/08/2015;93.20;18.60;36.90;203.50;32.60;220.40;196.50;97.20;79.20;72.90;102.20;149.60;67.40;135.60;117.00;118.20;257.90;232.50;42.90;122.50;132.90;85.00;95.90;79.10;255.50;118.70;193.50;76.80;73.50;156.60;158.30;71.00
30/09/2015;83.40;41.60;104.60;184.20;36.70;240.90;341.10;74.10;114.30;87.00;112.80;234.20;97.50;160.40;168.20;130.40;295.50;360.20;64.80;176.20;236.00;96.30;171.00;91.70;213.20;116.30;289.30;115.10;171.00;201.30;172.80;89.30
31/10/2015;106.60;18.30;39.20;197.60;70.40;601.90;247.10;47.20;20.20;70.00;64.50;127.60;59.70;196.50;57.30;164.60;87.20;176.60;89.40;115.70;113.90;60.50;378.80;88.10;116.10;33.70;361.20;132.90;37.90;259.30;117.10;92.40
30/11/2015;8.30;20.00;16.00;123.60;15.10;14.70;150.30;32.60;5.40;5.10;5.50;31.90;51.80;16.10;17.50;7.40;28.30;34.40;20.10;78.90;89.30;25.90;224.80;34.80;25.00;26.60;274.10;39.00;25.00;192.30;129.90;16.40
31/12/2015;23.70;24.20;7.10;78.80;6.30;36.70;90.60;7.40;4.10;14.60;9.90;10.50;9.30;35.30;10.20;18.70;1.00;66.20;3.60;21.40;11.70;6.90;113.90;7.10;40.50;7.00;282.60;5.10;4.80;58.40;24.30;16.70
31/01/2016;4.40;44.30;5.60;50.40;21.60;85.60;33.90;5.80;6.70;8.30;7.40;22.10;7.60;8.40;14.20;17.00;32.40;0.80;29.10;8.80;27.60;5.80;64.80;11.50;1.50;24.20;116.30;25.40;11.90;29.60;32.30;4.50
29/02/2016;9.60;0.10;0.30;33.80;3.10;8.00;26.60;0.50;0.80;3.60;4.10;1.00;2.40;4.80;5.80;2.20;1.10;0.60;1.50;9.10;5.60;3.30;40.80;6.80;0.50;2.00;80.90;2.10;1.80;22.50;16.50;6.90
31/03/2016;12.70;14.70;8.00;33.10;56.30;16.50;30.00;7.60;27.80;18.70;25.00;52.50;16.80;16.10;37.40;22.80;54.50;29.50;47.20;45.30;54.20;28.20;55.90;24.90;11.60;14.20;75.10;48.40;50.60;39.00;47.60;17.60
30/04/2016;1.70;13.90;2.60;19.30;28.50;0.20;28.90;7.10;19.00;3.10;10.00;9.90;33.20;1.10;18.50;3.90;47.40;1.10;45.20;19.90;53.90;26.00;52.30;29.70;1.50;3.30;30.60;52.60;34.80;30.30;23.70;3.80
31/05/2016;6.30;2.70;3.10;61.70;46.70;5.50;143.80;11.70;5 l.8;"8.9
";42.20;45.40;49.40;19.60;76.70;27.10;95.20;4.20;93.00;35.70;69.50;71.70;27.50;63.30;5.30;0.90;84.00;128.20;56.30;35.50;50.00;18.20
30/06/2016;71.00;9.00;6.50;244.90;45.40;158.70;281.90;56.80;113.00;56.70;104.10;172.20;130.70;171.70;169.80;123.80;400.60;161.50;58.00;187.60;225.80;132.10;274.00;144.50;54.00;40.90;209.70;119.80;146.60;206.20;169.70;72.00
31/07/2016;172.70;26.10;23.60;180.90;5 l.2;252.20;177.80;110.00;131.90;104.00;173.00;185.10;73.50;240.10;171.20;140.50;330.50;342.90;36.40;164.20;174.90;131.10;94.20;72.00;231.20;139.10;152.10;42.60;111.20;214.80;103.90;119.10
31/08/2016;193.60;31.00;54.30;173.30;147.70;340.70;306.70;190.80;128.40;"180.4
";218.30;189.80;134.20;224.80;200.30;172.70;386.20;308.10;128.00;212.30;218.50;207.00;211.60;139.30;229.70;94.80;260.30;121.80;l55.0;267.30;159.00;145.70
30/09/2016;62.00;26.70;79.90;202.80;84.20;314.40;314.70;85.90;113.70;82.60;61.50;239.00;116.60;156.50;140.40;131.90;322.80;276.50;75.70;203.20;200.00;69.30;130.50;97.10;151.10;78.10;301.10;82.30;112.70;255.90;166.80;77.80
31/10/2016;8.70;0.60;2.60;81.70;10.80;62.60;128.00;10.30;14.60;16.70;19.40;36.70;58.30;34.00;31.70;39.20;49.50;41.00;32.20;44.40;81.20;38.80;79.50;41.40;19.50;1.00;193.50;50.40;37.30;223.30;45.30;9.20
30/11/2016;30.10;4.40;1.30;53.40;35.60;67.10;91.70;6.50;45.50;10.90;25.00;31.10;53.20;36.40;45.30;28.80;59.30;15.20;50.00;27.80;48.80;30.30;35.20;42.90;4.80;0.40;161.40;53.80;28.00;113.30;19.50;25.10
31/12/2016;2.10;45.40;12.20;41.80;23.80;29.00;50.20;19.30;2.70;16.00;1.30;0.60;18.50;12.70;3.50;12.00;2.20;43.00;15.90;34.70;35.90;6.50;43.10;11.80;19.70;25.50;84.80;19.40;4.80;96.10;50.80;10.40
31/01/2017;0.40;53.60;8.40;16.10;2.60;0.00;36.80;12.30;0.00;1.30;0.20;0.20;3.10;0.30;0.10;0.10;0.00;0.50;10.20;6.10;4.40;0.70;30.50;1.70;3.80;41.60;84.30;8.30;0.40;36.90;19.50;0.40
28/02/2017;2.10;44.90;18.40;6.90;11.10;2.80;8.10;8.10;0.00;7.80;1.50;0.20;5.00;2.90;1.10;1.00;0.10;11.00;7.40;5.70;8.00;2.00;9.50;3.60;30.20;31.30;32.40;14.90;0.40;32.60;2.10;1.30
31/03/2017;6.70;1.40;0.50;9.10;15.10;1.20;23.10;6.10;18.10;13.30;14.20;2.10;20.70;6.50;17.00;14.60;14.70;1.50;50.60;16.40;32.30;20.90;25.60;28.10;3.60;0.50;61.10;57.90;19.40;65.40;7.50;18.80
30/04/2017;0.40;0.00;0.10;65.10;23.00;0.00;64.00;3.40;12.90;1.40;6.00;3.20;16.50;0.10;14.30;1.80;13.50;0.10;45.00;28.00;37.40;17.70;76.50;25.20;0.50;0.50;97.60;36.20;21.20;35.30;51.70;2.60
31/05/2017;4.20;7.90;1.60;49.70;40.60;1.70;262.30;10.40;48.90;4.70;17.20;90.20;51.20;6.80;86.60;29.50;174.90;1.10;60.70;156.80;130.50;29.60;64.10;40.90;0.70;4.80;143.20;70.80;79.90;110.00;48.40;10.70
30/06/2017;43.50;0.20;1.90;363.60;22.60;197.40;409.40;20.60;86.20;12.50;108.30;223.90;69.20;101.80;119.70;116.10;386.00;62.60;45.60;355.60;217.00;83.20;241.00;62.50;12.50;12.50;285.50;61.70;98.50;181.70;229.90;30.70
31/07/2017;169.30;2.90;12.10;169.20;37.80;287.40;254.30;153.30;101.70;121.70;173.70;162.60;95.10;233.30;174.50;159.40;320.40;279.10;31.00;183.00;204.30;107.90;111.00;118.10;169.50;182.90;157.50;79.00;146.60;245.10;141.70;134.10
31/08/2017;143.80;7.10;68.30;202.80;45.10;560.30;249.20;122.10;101.30;139.30;131.40;230.40;88.90;266.80;209.50;228.40;517.20;346.50;40.60;207.00;311.30;92.20;205.10;96.30;248.30;93.90;207.30;68.30;167.40;199.70;160.30;113.50
30/09/2017;159.50;9.60;59.00;229.80;108.30;528.00;401.70;58.80;86.80;97.30;143.70;369.40;182.10;247.40;186.30;190.90;441.10;392.70;172.10;320.00;322.50;168.00;240.00;145.00;162.90;39.40;377.50;129.20;123.60;429.00;228.10;111.30
31/10/2017;21.80;0.00;0.60;221.70;15.20;142.70;228.80;14.40;31.40;34.10;14.60;71.70;109.60;59.40;53.00;50.20;81.70;102.40;64.90;141.80;114.80;67.40;255.20;85.80;49.00;4.30;414.00;113.90;30.30;314.90;154.80;16.30
30/11/2017;0.10;1.40;0.20;33.40;1.90;0.10;37.90;1.70;0.60;0.00;0.30;6.70;4.90;0.90;3.30;0.40;0.00;0.30;7.80;13.30;12.00;1.30;94.00;1.40;0.10;2.50;98.20;12.20;2.40;43.30;37.90;0.30
31/12/2017;27.60;2.80;3.70;40.10;35.60;7.30;18.40;42.70;0.00;21.20;0.40;0.40;6.90;19.80;0.10;0.30;0.00;30.60;34.20;7.00;7.90;1.80;54.30;9.10;17.60;36.70;55.40;14.20;0.20;37.10;38.70;27.20
31/01/2018;35.50;14.40;0.60;105.70;0.70;5.20;99.60;0.10;7.90;2.40;3.50;1.70;27.10;14.80;11.50;15.40;1.60;3.50;16.50;25.00;32.40;9.20;89.80;19.50;0.40;1.60;323.90;27.30;5.60;112.70;55.20;24.30
28/02/2018;28.60;12.80;9.10;19.20;7.00;2.60;20.00;19.20;7.70;12.20;13.80;2.00;15.20;16.20;17.50;16.20;2.60;4.10;18.00;13.60;14.30;10.00;19.10;20.80;14.70;34.30;58.30;12.40;10.30;37.20;5.80;22.80
31/03/2018;0.00;4.80;0.00;15.50;2.40;0.00;30.10;1.80;12.20;0.10;0.80;1.40;14.80;0.10;6.80;0.40;4.00;0.00;3.60;20.50;29.70;2.80;50.00;7.30;0.10;0.90;49.30;12.20;5.70;57.40;15.l;0.20
30/04/2018;10.60;0.30;0.00;120.00;7.20;0.00;101.70;0.90;44.50;1.70;12.60;13.30;48.60;2.20;41.70;6.60;58.30;0.20;53.80;49.30;84.60;24.10;78.00;41.60;0.10;0.10;109.50;79.00;65.80;90.10;57.10;6.90
31/05/2018;44.70;0.40;0.00;45.80;11.70;19.00;165.20;4.40;59.10;8.30;52.10;60.80;29.50;57.70;89.50;80.10;166.60;7.20;47.90;73.20;72.10;39.50;160.60;47.40;0.60;0.30;59.50;62.60;45.70;35.10;118.80;27.40
30/06/2018;226.20;0.60;15.30;160.50;30.80;317.30;237.80;45.90;127.40;72.10;268.60;280.30;111.50;201.40;241.20;246.80;565.00;171.80;82.00;231.70;260.10;161.80;230.20;131.60;98.30;43.10;129.90;124.70;149.40;154.00;170.00;126.40
31/07/2018;77.70;3.90;6.90;164.10;29.00;140.50;117.80;97.10;85.90;63.90;70.30;93.70;40.90;147.80;112.60;118.80;104.90;219.40;37.80;86.20;76.90;31.40;90.70;25.10;148.50;120.10;109.50;26.20;52.10;120.60;97.30;55.60
31/08/2018;97.30;5.50;19.60;241.50;41.00;298.90;257.00;122.40;198.20;89.80;146.30;256.60;79.60;206.90;223.90;215.00;459.30;367.80;21.30;208.40;238.80;71.70;129.50;67.00;291.10;147.80;195.70;29.40;124.60;218.00;159.20;82.60
30/09/2018;123.10;7.50;76.60;202.10;172.80;337.00;301.00;110.40;120.70;168.80;165.20;197.10;72.40;201.60;172.20;161.90;312.80;379.40;226.90;178.60;173.10;110.20;146.80;164.10;320.40;109.00;218.10;203.50;88.40;197.60;137.30;179.40
31/10/2018;83.30;40.70;21.50;160.90;67.40;292.30;224.90;52.00;86.80;70.80;65.50;188.70;93.30;149.80;112.60;147.40;213.60;168.60;46.60;257.90;167.30;58.60;162.30;74.60;70.50;81.80;253.70;75.30;64.20;332.50;87.00;60.10
30/11/2018;40.50;9.90;0.50;127.20;7.70;198.30;118.40;3.30;31.10;8.80;50.40;58.90;35.20;75.90;64.50;100.90;74.40;30.50;14.20;44.10;84.80;31.10;82.20;30.90;5.60;1.00;358.80;18.40;46.90;93.80;67.40;23.80
31/12/2018;1.20;24.70;13.00;27.40;19.30;0.60;31.70;33.10;4.80;21.70;1.20;4.50;6.60;1.70;4.80;4.80;0.60;3.90;16.60;28.60;13.60;3.80;67.00;5.50;51.10;25.90;99.40;6.90;3.30;67.10;28.50;5.00
31/01/2019;11.30;17.80;11.10;26.70;6.90;5.70;39.80;15.20;5.30;6.60;3.30;1.00;12.30;8.40;4.10;8.10;1.50;1.40;22.50;14.90;6.80;7.50;67.00;14.20;11.30;23.80;126.70;25.20;1.30;50.60;48.40;8.90
28/02/2019;0.00;49.50;3.10;14.20;0.60;0.10;28.50;13.80;5.70;0.70;0.80;0.40;7.90;1.10;5.80;1.00;1.20;0.50;2.80;4.70;9.10;2.30;62.00;3.40;1.20;36.20;82.40;7.50;5.20;15.50;42.70;0.40
31/03/2019;0.40;13.40;6.10;34.60;11.30;0.10;34.60;11.50;7.20;0.70;0.90;0.70;11.30;0.10;6.70;0.70;2.30;0.00;38.20;9.60;11.40;4.60;20.00;13.70;4.80;35.10;91.70;36.20;4.70;30.30;19.00;6.30
30/04/2019;0.00;1.20;0.00;32.70;12.30;0.00;14.00;1.00;4.30;0.00;0.30;0.40;6.80;0.10;7.30;1.40;0.50;0.00;13.90;8.50;8.00;2.70;57.00;2.20;0.00;0.80;19.20;10.10;6.30;8.00;21.50;0.30
31/05/2019;2.50;5.60;0.60;72.60;30.80;3.50;200.40;3.50;21.60;1.90;8.70;44.40;14.20;6.00;33.30;19.40;115.20;0.20;54.60;96.90;51.70;11.90;52.80;29.30;0.30;4.50;76.50;50.70;25.50;31.60;68.70;6.70
30/06/2019;45.70;0.00;0.00;250.90;49.90;111.20;277.00;26.00;108.10;31.50;95.80;155.40;108.10;96.30;152.00;110.40;366.80;40.80;75.90;155.80;223.20;104.00;89.70;124.90;12.00;0.90;280.40;132.00;129.10;162.30;148.90;49.30
31/07/2019;101.30;5.10;6.90;156.80;22.30;310.60;142.60;76.10;145.50;74.80;136.40;182.10;56.80;217.70;181.90;179.80;270.00;262.90;31.10;145.20;164.50;57.30;57.50;34.50;150.30;97.20;120.40;38.00;125.70;121.70;127.20;83.10
31/08/2019;123.40;3.00;31.90;124.70;21.50;234.10;236.50;99.30;87.20;89.50;137.10;192.50;47.30;171.70;138.50;154.50;265.50;366.60;31.00;162.70;150.60;57.20;94.60;59.30;339.60;122.80;100.90;19.90;103.40;90.80;102.10;86.30
30/09/2019;78.10;14.00;60.00;182.80;60.60;851.00;308.20;98.50;76.10;106.10;91.20;300.70;57.20;239.80;140.10;194.10;342.60;299.00;166.20;227.30;182.70;66.00;128.40;86.60;199.30;129.50;233.60;142.20;81.20;168.00;153.50;71.20
31/10/2019;40.50;1.90;45.10;235.30;19.60;251.80;359.70;41.30;86.80;31.30;63.20;189.10;91.00;128.60;133.40;128.80;298.70;189.80;28.60;209.90;194.10;78.10;187.20;72.30;39.40;17.00;394.50;78.70;60.40;271.90;141.20;34.80
30/11/2019;33.70;53.10;91.10;90.50;22.10;46.80;66.50;69.00;17.60;74.90;9.40;34.40;15.80;50.50;33.50;29.30;27.20;49.60;26.70;47.70;29.10;9.70;139.00;24.50;159.50;135.00;245.40;25.90;20.90;124.10;95.50;49.90
31/12/2019;16.20;41.60;14.70;81.40;3.60;2.10;59.70;15.20;0.10;10.70;6.60;0.90;10.00;6.10;1.00;2.20;0.00;14.60;7.50;6.30;9.40;10.20;81.00;16.10;10.60;45.90;144.40;12.70;0.50;32.70;65.50;18.20
31/01/2020;38.50;4.30;1.90;31.10;11.30;80.10;28.40;6.00;11.30;16.90;5.60;4.00;34.50;49.80;7.80;6.80;4.00;60.40;13.00;29.50;25.90;23.70;56.80;29.00;21.40;9.20;75.30;19.90;8.80;85.20;29.50;27.40
29/02/2020;28.40;10.50;8.80;13.40;2.80;112.10;46.90;20.20;5.30;18.70;20.50;4.90;9.80;55.60;8.00;29.80;7.70;61.70;3.50;17.00;12.80;12.50;27.20;6.00;54.90;25.60;137.80;3.10;1.10;56.60;8.00;19.60
31/03/2020;1.50;62.40;36.90;4.10;21.60;0.00;21.00;27.30;8.10;2.30;12.10;2.90;6.90;1.10;16.20;9.00;14.60;0.10;15.20;2.80;9.60;19.30;9.60;8.60;3.00;82.10;18.80;12.90;3.30;8.10;4.10;2.30
30/04/2020;4.60;11.80;0.20;25.90;7.30;0.00;32.40;3.30;21.90;1.00;6.70;7.80;39.30;1.40;29.30;5.10;8.70;0.80;37.00;25.90;41.30;17.20;12.00;28.10;1.70;2.50;36.30;35.90;34.90;50.70;23.40;2.70
31/05/2020;17.30;0.60;0.00;207.10;30.50;2.10;239.40;6.20;32.80;5.60;27.70;11.90;46.00;16.00;26.60;9.80;32.30;9.30;80.50;63.50;68.50;34.40;248.40;47.10;2.30;7.30;281.70;120.00;46.00;135.60;194.80;13.30
30/06/2020;72.60;0.00;0.80;499.10;23.80;84.70;409.10;19.50;59.70;31.10;104.50;133.10;64.60;81.70;115.60;92.50;248.60;53.50;72.70;148.60;171.90;66.40;406.00;65.40;14.90;12.00;385.70;117.30;64.00;218.00;551.90;56.70
31/07/2020;162.80;1.10;6.60;137.20;44.50;354.80;182.50;82.80;103.80;143.90;111.10;179.40;60.90;209.30;184.20;155.90;348.00;303.00;171.40;169.10;172.20;83.30;105.30;96.20;221.80;93.50;92.90;128.50;123.40;107.50;121.80;153.70
31/08/2020;77.30;0.50;22.40;184.80;6.00;664.30;345.90;32.40;107.80;49.90;109.90;307.30;80.80;254.40;184.50;201.00;337.70;349.00;14.80;303.20;239.00;58.60;153.00;56.80;162.30;74.80;303.10;53.20;106.10;243.50;144.90;51.10
30/09/2020;81.90;1.10;17.80;234.20;63.80;339.20;373.10;49.10;97.00;115.10;69.90;226.40;111.00;167.40;150.60;167.60;452.70;251.20;102.80;238.20;285.10;70.30;172.30;81.30;150.60;17.80;461.30;105.90;114.90;282.20;166.50;68.50
31/10/2020;4.50;0.50;3.60;293.10;0.40;27.00;251.80;0.10;20.10;1.90;4.70;43.20;21.40;24.50;29.20;20.20;46.90;30.30;2.70;66.00;40.50;13.40;354.90;9.60;6.40;0.20;550.40;17.60;31.50;123.10;402.70;3.70
30/11/2020;0.00;3.90;1.00;99.10;2.80;0.00;199.10;1.50;1.50;0.30;1.20;4.50;22.00;0.10;3.50;2.90;6.50;0.00;3.80;51.70;29.60;6.60;254.90;15.60;1.90;1.80;501.30;10.40;3.80;189.60;103.30;0.00
31/12/2020;8.90;6.90;3.10;50.30;12.40;0.70;38.30;12.40;0.50;3.60;1.70;2.70;4.40;12.90;3.30;2.40;0.00;21.40;8.00;10.10;7.90;1.30;70.30;2.80;12.30;16.40;173.30;6.50;0.60;48.60;51.60;7.20
31/01/2021;6.20;26.80;12.20;52.80;3.50;0.70;52.10;20.60;4.70;3.20;4.80;2.90;12.60;1.10;4.10;0.20;13.40;0.30;10.00;26.00;33.00;3.80;79.20;9.40;14.90;42.20;150.00;17.30;11.90;85.00;45.90;1.50
28/02/2021;0.00;1.30;0.20;21.10;4.60;0.00;17.00;9.30;0.90;0.10;0.20;0.20;4.60;0.30;0.50;0.00;0.10;0.20;6.40;8.80;7.20;1.20;39.50;3.00;0.60;1.50;42.90;13.30;0.60;25.40;55.10;0.00
31/03/2021;0.00;14.10;0.10;30.40;0.20;0.00;48.70;0.70;2.60;0.00;0.20;1.30;10.00;0.00;9.90;0.90;13.80;0.00;5.50;5.00;14.10;1.60;54.30;2.90;0.00;2.90;66.70;10.50;2.00;22.70;23.00;0.00
30/04/2021;1.90;1.40;0.00;21.60;10.90;0.00;31.30;3.00;12.50;2.40;3.80;0.90;27.10;0.80;18.30;2.40;3.30;0.50;22.60;16.90;31.50;10.50;51.90;13.50;0.80;0.30;28.00;16.50;18.80;32.10;47.60;2.00
31/05/2021;22.70;0.00;0.00;137.50;37.30;2.50;230.20;6.80;73.30;7.30;62.00;64.60;53.10;17.10;78.70;26.50;148.40;1.40;79.20;122.80;147.50;62.90;70.40;55.00;3.20;0.10;168.90;99.90;77.40;103.50;118.80;17.00
30/06/2021;124.10;0.20;9.40;196.80;34.10;691.70;319.20;61.60;153.10;70.20;137.30;323.50;131.20;234.30;190.30;225.00;413.10;235.50;90.10;318.90;243.70;125.20;242.30;116.40;107.30;34.00;249.70;116.50;130.70;276.70;230.90;98.00
31/07/2021;176.60;3.00;10.80;143.60;55.70;249.60;162.70;114.20;92.10;131.20;148.60;153.80;62.00;256.40;164.10;170.70;228.70;328.50;99.90;132.10;135.70;84.40;113.50;123.40;184.00;142.50;112.40;168.80;96.20;140.90;118.20;148.30
31/08/2021;117.50;7.50;53.50;147.70;43.00;705.10;299.00;105.40;126.70;121.50;170.30;345.80;135.70;271.00;179.80;245.60;404.90;408.40;43.20;231.10;231.70;131.30;172.50;103.40;391.70;142.60;148.40;52.50;130.60;236.90;178.50;108.50
30/09/2021;185.50;3.80;53.70;230.40;24.10;443.70;320.10;46.10;120.40;68.90;201.80;240.50;119.10;235.60;213.60;182.50;467.60;322.60;42.10;249.70;265.00;158.60;210.70;114.00;141.90;75.70;320.70;97.40;165.20;218.30;181.40;117.40
31/10/2021;36.60;3.00;6.60;138.70;12.00;187.00;227.80;7.70;49.70;52.60;47.00;142.10;52.00;87.60;68.50;117.40;95.40;95.00;46.10;94.60;101.20;58.90;112.70;58.50;71.30;1.30;326.00;81.50;69.10;225.40;74.10;35.50
30/11/2021;0.20;0.70;3.30;52.40;16.20;0.20;57.50;11.20;1.30;3.60;1.80;2.50;21.40;1.40;4.50;1.80;6.30;0.90;40.40;25.00;36.50;7.70;114.50;11.90;4.20;7.40;138.00;53.50;7.10;109.20;57.00;1.50
31/12/2021;1.10;37.30;23.70;45.80;5.00;0.20;41.60;24.00;0.00;9.00;2.60;0.40;3.60;0.80;1.50;1.10;0.10;0.10;12.00;5.90;5.40;2.40;42.20;3.80;33.10;52.30;84.40;12.60;0.50;24.90;42.20;3.20
31/01/2022;1.00;1.40;0.30;65.00;2.60;1.30;74.50;0.10;3.80;0.20;0.70;5.60;15.40;1.20;11.60;3.60;12.90;2.30;15.70;20.00;24.30;3.80;103.90;5.60;0.70;0.70;177.60;20.70;12.10;69.20;61.10;0.50
28/02/2022;3.90;8.70;0.20;57.30;1.30;0.70;78.30;3.80;1.60;2.50;2.00;0.60;12.00;0.40;3.30;1.90;1.10;0.10;8.50;13.30;12.60;5.80;81.70;10.30;3.40;2.70;225.90;19.00;6.00;43.00;76.00;1.00
31/03/2022;0.00;13.80;0.10;52.30;0.10;0.00;30.30;0.20;5.20;0.00;0.10;0.40;3.30;0.00;5.00;0.40;5.20;0.70;0.30;5.10;10.30;0.70;46.90;0.60;0.40;1.00;65.60;1.00;6.10;12.80;39.90;0.00
30/04/2022;15.30;0.70;0.00;79.20;14.20;0.50;84.40;1.70;44.00;3.60;8.30;11.10;29.20;2.60;36.10;4.90;33.50;0.50;29.40;20.50;38.30;19.10;74.30;26.60;0.90;0.10;72.30;45.50;33.00;39.60;74.40;10.30
31/05/2022;6.50;0.00;0.00;141.30;22.00;2.40;158.40;0.70;19.10;3.40;5.70;52.30;9.90;9.30;39.00;9.90;36.70;1.60;27.80;100.20;27.00;4.70;118.50;9.20;0.00;0.00;110.60;28.30;34.30;50.50;68.70;4.30
30/06/2022;39.20;1.00;4.70;180.90;8.80;239.70;305.30;69.60;92.30;63.10;53.50;229.50;78.60;139.60;154.10;163.50;225.60;179.00;29.30;230.10;152.60;47.80;150.10;64.60;95.50;72.00;299.50;51.50;61.70;274.40;151.50;46.80
31/07/2022;92.60;2.90;22.20;138.10;14.40;294.40;196.00;83.90;114.30;99.70;112.30;217.00;47.10;236.80;178.20;197.50;240.30;315.40;10.20;141.20;129.70;57.10;93.60;33.90;200.30;138.10;100.00;21.60;91.60;157.70;140.10;80.10
